"seqCrct","seqRT","pushed","crctKey","tt","is_switch","is_probe","sequence","subj.blk","trial.type","response.type","trial"
1,0.818133,1,1,1,0,0,"100","BL_1_726897.8079","nbk","correct",1
1,0.527868,2,2,1,0,0,"020","BL_1_726897.8079","nbk","correct",2
1,0.539664,1,1,1,0,0,"100","BL_1_726897.8079","nbk","correct",3
1,0.434776,2,2,1,0,0,"020","BL_1_726897.8079","nbk","correct",4
0,0.649351,2,1,1,0,1,"XXX","BL_1_726897.8079","nbk","wrong",5
1,0.731352,2,2,1,0,0,"020","BL_1_726897.8079","nbk","correct",6
-1,Inf,0,1,1,0,1,"XXX","BL_1_726897.8079","nbk","noresp",7
1,0.49006,2,2,1,0,0,"020","BL_1_726897.8079","nbk","correct",8
-1,Inf,0,3,1,0,0,"003","BL_1_726897.8079","nbk","noresp",9
1,0.889461,2,2,1,0,1,"XXX","BL_1_726897.8079","nbk","correct",10
-1,Inf,0,3,1,0,0,"003","BL_1_726897.8079","nbk","noresp",11
1,0.5438,3,3,1,0,0,"003","BL_1_726897.8079","nbk","correct",12
1,0.705806,3,3,1,0,1,"XXX","BL_1_726897.8079","nbk","correct",13
1,0.523088,3,3,1,0,0,"003","BL_1_726897.8079","nbk","correct",14
1,0.612111,2,2,1,0,0,"020","BL_1_726897.8079","nbk","correct",15
1,0.494362,3,3,1,0,0,"003","BL_1_726897.8079","nbk","correct",16
1,0.521902,3,3,1,0,0,"003","BL_1_726897.8079","nbk","correct",17
1,0.504109,2,2,1,0,0,"020","BL_1_726897.8079","nbk","correct",18
1,0.530508,1,1,1,0,0,"100","BL_1_726897.8079","nbk","correct",19
-1,Inf,0,2,1,0,1,"XXX","BL_1_726897.8079","nbk","noresp",20
1,0.746565,1,1,1,0,0,"100","BL_1_726897.8079","nbk","correct",21
0,0.828646,1,2,1,0,1,"XXX","BL_1_726897.8079","nbk","wrong",22
1,0.614174,3,3,1,0,0,"003","BL_1_726897.8079","nbk","correct",23
1,0.501434,1,1,1,0,0,"100","BL_1_726897.8079","nbk","correct",24
1,0.648543,1,1,1,0,0,"100","BL_1_726897.8079","nbk","correct",25
1,0.553472,1,1,1,0,1,"XXX","BL_1_726897.8079","nbk","correct",26
1,0.683175,3,3,1,0,0,"003","BL_1_726897.8079","nbk","correct",27
1,0.579136,1,1,1,0,0,"100","BL_1_726897.8079","nbk","correct",28
1,0.572824,3,3,1,0,1,"XXX","BL_1_726897.8079","nbk","correct",29
1,0.683287,2,2,1,0,0,"020","BL_1_726897.8079","nbk","correct",30
1,0.515026,1,1,1,0,0,"100","BL_1_726897.8079","nbk","correct",31
1,0.517619,3,3,1,0,0,"003","BL_1_726897.8079","nbk","correct",32
1,0.525196,1,1,1,0,1,"XXX","BL_1_726897.8079","nbk","correct",33
1,0.50411,3,3,1,0,0,"003","BL_1_726897.8079","nbk","correct",34
1,0.567621,2,2,1,0,0,"020","BL_1_726897.8079","nbk","correct",35
1,0.623787,2,2,1,0,0,"020","BL_1_726897.8079","nbk","correct",36
1,0.515508,2,2,1,0,0,"020","BL_1_726897.8079","nbk","correct",37
1,0.498593,1,1,1,0,0,"100","BL_1_726897.8079","nbk","correct",38
-1,Inf,0,2,1,0,1,"XXX","BL_1_726897.8079","nbk","noresp",39
1,0.536827,1,1,1,0,0,"100","BL_1_726897.8079","nbk","correct",40
1,0.948586,2,2,2,0,NA,"233","BL_2_727484.2088","intf","correct",1
-1,Inf,0,3,2,0,NA,"131","BL_2_727484.2088","intf","noresp",2
1,0.703014,1,1,2,0,NA,"221","BL_2_727484.2088","intf","correct",3
1,0.690943,3,3,2,0,NA,"322","BL_2_727484.2088","intf","correct",4
-1,Inf,0,2,2,0,NA,"112","BL_2_727484.2088","intf","noresp",5
1,0.758806,1,1,2,0,NA,"313","BL_2_727484.2088","intf","correct",6
1,0.700237,1,1,2,0,NA,"221","BL_2_727484.2088","intf","correct",7
1,0.730111,1,1,2,0,NA,"313","BL_2_727484.2088","intf","correct",8
1,0.514053,1,1,2,0,NA,"313","BL_2_727484.2088","intf","correct",9
0,0.711268,2,3,2,0,NA,"322","BL_2_727484.2088","intf","wrong",10
1,0.782481,2,2,2,0,NA,"112","BL_2_727484.2088","intf","correct",11
1,0.650268,2,2,2,0,NA,"233","BL_2_727484.2088","intf","correct",12
0,0.920717,1,2,2,0,NA,"112","BL_2_727484.2088","intf","wrong",13
1,0.65465,1,1,2,0,NA,"313","BL_2_727484.2088","intf","correct",14
-1,Inf,0,3,2,0,NA,"322","BL_2_727484.2088","intf","noresp",15
1,0.745183,1,1,2,0,NA,"313","BL_2_727484.2088","intf","correct",16
0,0.787109,2,3,2,0,NA,"322","BL_2_727484.2088","intf","wrong",17
1,0.789388,2,2,2,0,NA,"112","BL_2_727484.2088","intf","correct",18
1,0.739709,3,3,2,0,NA,"322","BL_2_727484.2088","intf","correct",19
1,0.604065,1,1,2,0,NA,"221","BL_2_727484.2088","intf","correct",20
1,0.657599,2,2,2,0,NA,"112","BL_2_727484.2088","intf","correct",21
-1,Inf,0,2,2,0,NA,"233","BL_2_727484.2088","intf","noresp",22
1,0.831417,2,2,2,0,NA,"112","BL_2_727484.2088","intf","correct",23
1,0.634798,3,3,2,0,NA,"131","BL_2_727484.2088","intf","correct",24
0,0.877258,2,1,2,0,NA,"313","BL_2_727484.2088","intf","wrong",25
1,0.857787,1,1,2,0,NA,"313","BL_2_727484.2088","intf","correct",26
1,0.853012,1,1,2,0,NA,"221","BL_2_727484.2088","intf","correct",27
1,0.833464,2,2,2,0,NA,"233","BL_2_727484.2088","intf","correct",28
1,0.592847,1,1,2,0,NA,"313","BL_2_727484.2088","intf","correct",29
0,0.820164,1,2,2,0,NA,"233","BL_2_727484.2088","intf","wrong",30
1,0.906121,3,3,2,0,NA,"131","BL_2_727484.2088","intf","correct",31
-1,Inf,0,3,2,0,NA,"322","BL_2_727484.2088","intf","noresp",32
0,0.957511,2,3,2,0,NA,"131","BL_2_727484.2088","intf","wrong",33
1,0.906403,3,3,2,0,NA,"322","BL_2_727484.2088","intf","correct",34
1,0.991096,2,2,2,0,NA,"112","BL_2_727484.2088","intf","correct",35
1,0.659798,1,1,2,0,NA,"221","BL_2_727484.2088","intf","correct",36
1,0.843689,3,3,2,0,NA,"131","BL_2_727484.2088","intf","correct",37
1,0.606562,1,1,2,0,NA,"221","BL_2_727484.2088","intf","correct",38
1,0.684259,2,2,2,0,NA,"233","BL_2_727484.2088","intf","correct",39
1,0.769696,3,3,2,0,NA,"322","BL_2_727484.2088","intf","correct",40
1,0.624006,1,1,3,0,NA,"100","BL_3_727748.4702","cngr","correct",1
1,0.511461,1,1,3,0,NA,"100","BL_3_727748.4702","cngr","correct",2
1,0.430212,1,1,3,0,NA,"100","BL_3_727748.4702","cngr","correct",3
1,0.303113,1,1,3,0,NA,"100","BL_3_727748.4702","cngr","correct",4
1,0.501202,2,2,3,0,NA,"20","BL_3_727748.4702","cngr","correct",5
1,0.45599,1,1,3,0,NA,"100","BL_3_727748.4702","cngr","correct",6
1,0.445262,1,1,3,0,NA,"100","BL_3_727748.4702","cngr","correct",7
1,0.54233,3,3,3,0,NA,"3","BL_3_727748.4702","cngr","correct",8
1,0.453875,1,1,3,0,NA,"100","BL_3_727748.4702","cngr","correct",9
1,0.467684,2,2,3,0,NA,"20","BL_3_727748.4702","cngr","correct",10
1,0.453767,2,2,3,0,NA,"20","BL_3_727748.4702","cngr","correct",11
1,0.406389,2,2,3,0,NA,"20","BL_3_727748.4702","cngr","correct",12
1,0.491329,3,3,3,0,NA,"3","BL_3_727748.4702","cngr","correct",13
1,0.423195,2,2,3,0,NA,"20","BL_3_727748.4702","cngr","correct",14
1,0.444312,2,2,3,0,NA,"20","BL_3_727748.4702","cngr","correct",15
1,0.449,3,3,3,0,NA,"3","BL_3_727748.4702","cngr","correct",16
1,0.433977,3,3,3,0,NA,"3","BL_3_727748.4702","cngr","correct",17
1,0.505718,2,2,3,0,NA,"20","BL_3_727748.4702","cngr","correct",18
1,0.530918,2,2,3,0,NA,"20","BL_3_727748.4702","cngr","correct",19
1,0.420442,3,3,3,0,NA,"3","BL_3_727748.4702","cngr","correct",20
1,0.462148,3,3,3,0,NA,"3","BL_3_727748.4702","cngr","correct",21
1,0.419584,3,3,3,0,NA,"3","BL_3_727748.4702","cngr","correct",22
1,0.387056,3,3,3,0,NA,"3","BL_3_727748.4702","cngr","correct",23
1,0.466899,3,3,3,0,NA,"3","BL_3_727748.4702","cngr","correct",24
1,0.546221,1,1,3,0,NA,"100","BL_3_727748.4702","cngr","correct",25
1,0.448594,3,3,3,0,NA,"3","BL_3_727748.4702","cngr","correct",26
1,0.445375,3,3,3,0,NA,"3","BL_3_727748.4702","cngr","correct",27
1,0.51263,1,1,3,0,NA,"100","BL_3_727748.4702","cngr","correct",28
1,0.560666,2,2,3,0,NA,"20","BL_3_727748.4702","cngr","correct",29
1,0.500317,1,1,3,0,NA,"100","BL_3_727748.4702","cngr","correct",30
1,0.538405,3,3,3,0,NA,"3","BL_3_727748.4702","cngr","correct",31
1,0.34928,2,2,3,0,NA,"20","BL_3_727748.4702","cngr","correct",32
1,0.392775,1,1,3,0,NA,"100","BL_3_727748.4702","cngr","correct",33
1,0.41497,2,2,3,0,NA,"20","BL_3_727748.4702","cngr","correct",34
1,0.462947,1,1,3,0,NA,"100","BL_3_727748.4702","cngr","correct",35
1,0.415116,1,1,3,0,NA,"100","BL_3_727748.4702","cngr","correct",36
1,0.414233,3,3,3,0,NA,"3","BL_3_727748.4702","cngr","correct",37
1,0.492377,2,2,3,0,NA,"20","BL_3_727748.4702","cngr","correct",38
1,0.393725,2,2,3,0,NA,"20","BL_3_727748.4702","cngr","correct",39
1,0.443608,1,1,3,0,NA,"100","BL_3_727748.4702","cngr","correct",40
1,0.821133,1,1,2,0,NA,"221","BL_4_727998.5799","intf","correct",1
1,0.599665,2,2,2,0,NA,"233","BL_4_727998.5799","intf","correct",2
1,0.824296,2,2,2,0,NA,"233","BL_4_727998.5799","intf","correct",3
1,0.865424,3,3,2,0,NA,"131","BL_4_727998.5799","intf","correct",4
1,0.607298,3,3,2,0,NA,"131","BL_4_727998.5799","intf","correct",5
-1,Inf,0,3,2,0,NA,"322","BL_4_727998.5799","intf","noresp",6
1,0.938308,3,3,2,0,NA,"131","BL_4_727998.5799","intf","correct",7
1,0.77735,1,1,2,0,NA,"221","BL_4_727998.5799","intf","correct",8
1,0.711925,3,3,1,1,0,"003","BL_4_727998.5799","nbk","correct",9
1,0.601443,1,1,1,0,0,"100","BL_4_727998.5799","nbk","correct",10
1,0.610769,3,3,1,0,1,"XXX","BL_4_727998.5799","nbk","correct",11
-1,Inf,0,1,1,0,1,"XXX","BL_4_727998.5799","nbk","noresp",12
1,0.734221,2,2,1,0,0,"020","BL_4_727998.5799","nbk","correct",13
-1,Inf,0,3,1,0,0,"003","BL_4_727998.5799","nbk","noresp",14
1,0.729613,1,1,1,0,0,"100","BL_4_727998.5799","nbk","correct",15
1,0.585114,2,2,1,0,0,"020","BL_4_727998.5799","nbk","correct",16
1,0.418417,1,1,1,0,1,"XXX","BL_4_727998.5799","nbk","correct",17
1,0.583286,2,2,1,0,0,"020","BL_4_727998.5799","nbk","correct",18
1,0.907488,1,1,2,1,NA,"221","BL_4_727998.5799","intf","correct",19
1,0.727314,2,2,1,1,0,"020","BL_4_727998.5799","nbk","correct",20
1,0.493476,3,3,1,0,0,"003","BL_4_727998.5799","nbk","correct",21
1,0.361013,2,2,1,0,1,"XXX","BL_4_727998.5799","nbk","correct",22
1,0.412923,1,1,1,0,0,"100","BL_4_727998.5799","nbk","correct",23
1,0.491866,2,2,1,0,0,"020","BL_4_727998.5799","nbk","correct",24
1,0.423441,1,1,1,0,0,"100","BL_4_727998.5799","nbk","correct",25
0,0.976778,2,3,1,0,1,"XXX","BL_4_727998.5799","nbk","wrong",26
1,0.446716,1,1,3,1,NA,"100","BL_4_727998.5799","cngr","correct",27
1,0.50376,3,3,3,0,NA,"003","BL_4_727998.5799","cngr","correct",28
1,0.44613,3,3,3,0,NA,"003","BL_4_727998.5799","cngr","correct",29
1,0.457988,1,1,3,0,NA,"100","BL_4_727998.5799","cngr","correct",30
1,0.494798,2,2,3,0,NA,"020","BL_4_727998.5799","cngr","correct",31
1,0.408133,1,1,3,0,NA,"100","BL_4_727998.5799","cngr","correct",32
1,0.426485,2,2,3,0,NA,"020","BL_4_727998.5799","cngr","correct",33
1,0.426025,2,2,3,0,NA,"020","BL_4_727998.5799","cngr","correct",34
1,0.523334,2,2,3,0,NA,"020","BL_4_727998.5799","cngr","correct",35
1,0.488529,2,2,3,0,NA,"020","BL_4_727998.5799","cngr","correct",36
1,0.439643,1,1,3,0,NA,"100","BL_4_727998.5799","cngr","correct",37
1,0.85567,3,3,2,1,NA,"131","BL_4_727998.5799","intf","correct",38
1,0.931466,3,3,2,0,NA,"322","BL_4_727998.5799","intf","correct",39
1,0.651213,1,1,2,0,NA,"221","BL_4_727998.5799","intf","correct",40
-1,Inf,0,2,2,0,NA,"233","BL_4_727998.5799","intf","noresp",41
-1,Inf,0,2,2,0,NA,"112","BL_4_727998.5799","intf","noresp",42
1,0.479257,2,2,3,1,NA,"020","BL_4_727998.5799","cngr","correct",43
1,0.420027,1,1,3,0,NA,"100","BL_4_727998.5799","cngr","correct",44
1,0.533859,2,2,3,0,NA,"020","BL_4_727998.5799","cngr","correct",45
-1,Inf,0,3,1,1,0,"003","BL_4_727998.5799","nbk","noresp",46
1,0.556523,3,3,1,0,0,"003","BL_4_727998.5799","nbk","correct",47
1,0.535317,2,2,1,0,0,"020","BL_4_727998.5799","nbk","correct",48
0,0.495372,3,2,1,0,1,"XXX","BL_4_727998.5799","nbk","wrong",49
1,0.59193,1,1,1,0,0,"100","BL_4_727998.5799","nbk","correct",50
1,0.539075,3,3,1,0,0,"003","BL_4_727998.5799","nbk","correct",51
1,0.423775,1,1,1,0,0,"100","BL_4_727998.5799","nbk","correct",52
1,0.446389,2,2,1,0,0,"020","BL_4_727998.5799","nbk","correct",53
1,0.416089,2,2,3,1,NA,"020","BL_4_727998.5799","cngr","correct",54
1,0.661784,3,3,2,1,NA,"131","BL_4_727998.5799","intf","correct",55
1,0.794163,1,1,2,0,NA,"313","BL_4_727998.5799","intf","correct",56
1,0.64268,1,1,2,0,NA,"221","BL_4_727998.5799","intf","correct",57
1,0.560731,1,1,2,0,NA,"221","BL_4_727998.5799","intf","correct",58
1,0.65122,2,2,1,1,0,"020","BL_4_727998.5799","nbk","correct",59
-1,Inf,0,2,2,1,NA,"233","BL_4_727998.5799","intf","noresp",60
1,0.604976,1,1,2,0,NA,"313","BL_4_727998.5799","intf","correct",61
0,0.926759,2,3,2,0,NA,"322","BL_4_727998.5799","intf","wrong",62
1,0.642099,1,1,2,0,NA,"221","BL_4_727998.5799","intf","correct",63
1,0.790998,3,3,2,0,NA,"131","BL_4_727998.5799","intf","correct",64
1,0.560508,1,1,2,0,NA,"221","BL_4_727998.5799","intf","correct",65
1,0.750455,3,3,2,0,NA,"322","BL_4_727998.5799","intf","correct",66
1,0.68228,3,3,2,0,NA,"322","BL_4_727998.5799","intf","correct",67
0,0.821959,3,2,2,0,NA,"112","BL_4_727998.5799","intf","wrong",68
1,0.786242,2,2,2,0,NA,"233","BL_4_727998.5799","intf","correct",69
-1,Inf,0,3,2,0,NA,"131","BL_4_727998.5799","intf","noresp",70
1,0.479766,2,2,1,1,0,"020","BL_4_727998.5799","nbk","correct",71
1,0.441742,3,3,3,1,NA,"003","BL_4_727998.5799","cngr","correct",72
1,0.401903,1,1,1,1,0,"100","BL_4_727998.5799","nbk","correct",73
1,0.524594,3,3,1,0,0,"003","BL_4_727998.5799","nbk","correct",74
1,0.556519,2,2,1,0,0,"020","BL_4_727998.5799","nbk","correct",75
-1,Inf,0,3,1,0,1,"XXX","BL_4_727998.5799","nbk","noresp",76
1,0.597412,1,1,1,0,0,"100","BL_4_727998.5799","nbk","correct",77
1,0.420498,3,3,3,1,NA,"003","BL_4_727998.5799","cngr","correct",78
1,0.487812,3,3,3,0,NA,"003","BL_4_727998.5799","cngr","correct",79
1,0.521813,3,3,3,0,NA,"003","BL_4_727998.5799","cngr","correct",80
1,0.54882,1,1,3,0,NA,"100","BL_4_727998.5799","cngr","correct",81
1,0.383371,1,1,3,0,NA,"100","BL_4_727998.5799","cngr","correct",82
-1,Inf,0,2,2,1,NA,"112","BL_4_727998.5799","intf","noresp",83
1,0.683085,3,3,3,1,NA,"003","BL_4_727998.5799","cngr","correct",84
1,0.46453,1,1,3,0,NA,"100","BL_4_727998.5799","cngr","correct",85
1,0.424993,1,1,3,0,NA,"100","BL_4_727998.5799","cngr","correct",86
1,0.414329,3,3,3,0,NA,"003","BL_4_727998.5799","cngr","correct",87
1,0.41082,2,2,3,0,NA,"020","BL_4_727998.5799","cngr","correct",88
1,0.624972,3,3,3,0,NA,"003","BL_4_727998.5799","cngr","correct",89
1,0.439684,3,3,3,0,NA,"003","BL_4_727998.5799","cngr","correct",90
1,0.715764,1,1,2,1,NA,"313","BL_4_727998.5799","intf","correct",91
1,0.619774,1,1,2,0,NA,"313","BL_4_727998.5799","intf","correct",92
1,0.911801,2,2,2,0,NA,"233","BL_4_727998.5799","intf","correct",93
-1,Inf,0,2,2,0,NA,"112","BL_4_727998.5799","intf","noresp",94
-1,Inf,0,3,3,1,NA,"003","BL_4_727998.5799","cngr","noresp",95
1,0.508242,2,2,3,0,NA,"020","BL_4_727998.5799","cngr","correct",96
1,0.588115,1,1,3,0,NA,"100","BL_4_727998.5799","cngr","correct",97
1,0.386662,1,1,3,0,NA,"100","BL_4_727998.5799","cngr","correct",98
1,0.44153,3,3,3,0,NA,"003","BL_4_727998.5799","cngr","correct",99
1,0.469158,1,1,3,0,NA,"100","BL_4_727998.5799","cngr","correct",100
1,0.562965,3,3,3,0,NA,"003","BL_4_727998.5799","cngr","correct",101
1,0.45428,1,1,3,0,NA,"100","BL_4_727998.5799","cngr","correct",102
1,0.429262,1,1,3,0,NA,"100","BL_4_727998.5799","cngr","correct",103
1,0.421278,2,2,3,0,NA,"020","BL_4_727998.5799","cngr","correct",104
1,0.430195,1,1,1,1,0,"100","BL_4_727998.5799","nbk","correct",105
1,0.422708,1,1,1,0,0,"100","BL_4_727998.5799","nbk","correct",106
-1,Inf,0,2,1,0,1,"XXX","BL_4_727998.5799","nbk","noresp",107
1,0.937416,1,1,1,0,1,"XXX","BL_4_727998.5799","nbk","correct",108
1,0.593441,3,3,1,0,0,"003","BL_4_727998.5799","nbk","correct",109
1,0.967269,2,2,2,1,NA,"233","BL_4_727998.5799","intf","correct",110
1,0.509668,2,2,2,0,NA,"233","BL_4_727998.5799","intf","correct",111
0,0.889055,1,2,2,0,NA,"112","BL_4_727998.5799","intf","wrong",112
0,0.934437,2,1,2,0,NA,"313","BL_4_727998.5799","intf","wrong",113
1,0.834642,1,1,2,0,NA,"313","BL_4_727998.5799","intf","correct",114
1,0.893769,3,3,2,0,NA,"322","BL_4_727998.5799","intf","correct",115
1,0.413509,2,2,3,1,NA,"020","BL_4_727998.5799","cngr","correct",116
1,0.376922,2,2,3,0,NA,"020","BL_4_727998.5799","cngr","correct",117
1,0.461574,3,3,1,1,0,"003","BL_4_727998.5799","nbk","correct",118
1,0.47369,1,1,1,0,0,"100","BL_4_727998.5799","nbk","correct",119
1,0.605692,3,3,1,0,0,"003","BL_4_727998.5799","nbk","correct",120
1,0.384128,3,3,1,0,0,"003","BL_again1_4_729345.5788","nbk","correct",1
1,0.776916,3,3,2,1,NA,"322","BL_again1_4_729345.5788","intf","correct",2
1,0.648461,1,1,2,0,NA,"221","BL_again1_4_729345.5788","intf","correct",3
1,0.620099,1,1,2,0,NA,"313","BL_again1_4_729345.5788","intf","correct",4
1,0.603143,1,1,2,0,NA,"313","BL_again1_4_729345.5788","intf","correct",5
1,0.673656,2,2,2,0,NA,"112","BL_again1_4_729345.5788","intf","correct",6
-1,Inf,0,3,2,0,NA,"322","BL_again1_4_729345.5788","intf","noresp",7
1,0.762207,2,2,2,0,NA,"233","BL_again1_4_729345.5788","intf","correct",8
1,0.637117,1,1,2,0,NA,"221","BL_again1_4_729345.5788","intf","correct",9
1,0.734246,2,2,2,0,NA,"112","BL_again1_4_729345.5788","intf","correct",10
1,0.874438,1,1,2,0,NA,"313","BL_again1_4_729345.5788","intf","correct",11
1,0.343486,1,1,3,1,NA,"100","BL_again1_4_729345.5788","cngr","correct",12
1,0.508706,2,2,3,0,NA,"020","BL_again1_4_729345.5788","cngr","correct",13
1,0.491991,2,2,3,0,NA,"020","BL_again1_4_729345.5788","cngr","correct",14
1,0.435091,3,3,3,0,NA,"003","BL_again1_4_729345.5788","cngr","correct",15
1,0.482839,3,3,3,0,NA,"003","BL_again1_4_729345.5788","cngr","correct",16
1,0.336798,3,3,3,0,NA,"003","BL_again1_4_729345.5788","cngr","correct",17
1,0.797012,3,3,2,1,NA,"131","BL_again1_4_729345.5788","intf","correct",18
0,0.721425,2,3,2,0,NA,"322","BL_again1_4_729345.5788","intf","wrong",19
1,0.744198,3,3,2,0,NA,"322","BL_again1_4_729345.5788","intf","correct",20
0,0.738115,1,2,2,0,NA,"112","BL_again1_4_729345.5788","intf","wrong",21
1,0.794229,3,3,2,0,NA,"131","BL_again1_4_729345.5788","intf","correct",22
1,0.595978,1,1,2,0,NA,"221","BL_again1_4_729345.5788","intf","correct",23
1,0.694957,1,1,2,0,NA,"313","BL_again1_4_729345.5788","intf","correct",24
1,0.646324,3,3,3,1,NA,"003","BL_again1_4_729345.5788","cngr","correct",25
-1,Inf,0,2,2,1,NA,"233","BL_again1_4_729345.5788","intf","noresp",26
1,0.776987,3,3,3,1,NA,"003","BL_again1_4_729345.5788","cngr","correct",27
1,0.743801,1,1,2,1,NA,"313","BL_again1_4_729345.5788","intf","correct",28
1,0.505279,3,3,3,1,NA,"003","BL_again1_4_729345.5788","cngr","correct",29
1,0.529858,2,2,3,0,NA,"020","BL_again1_4_729345.5788","cngr","correct",30
1,0.40101,1,1,3,0,NA,"100","BL_again1_4_729345.5788","cngr","correct",31
1,0.375049,3,3,3,0,NA,"003","BL_again1_4_729345.5788","cngr","correct",32
1,0.488923,1,1,3,0,NA,"100","BL_again1_4_729345.5788","cngr","correct",33
1,0.494907,1,1,3,0,NA,"100","BL_again1_4_729345.5788","cngr","correct",34
1,0.408508,1,1,3,0,NA,"100","BL_again1_4_729345.5788","cngr","correct",35
1,0.434247,1,1,1,1,0,"100","BL_again1_4_729345.5788","nbk","correct",36
1,0.438778,1,1,1,0,0,"100","BL_again1_4_729345.5788","nbk","correct",37
1,0.592563,3,3,1,0,0,"003","BL_again1_4_729345.5788","nbk","correct",38
1,0.599397,2,2,1,0,0,"020","BL_again1_4_729345.5788","nbk","correct",39
1,0.921542,2,2,2,1,NA,"112","BL_again1_4_729345.5788","intf","correct",40
1,0.626058,1,1,2,0,NA,"313","BL_again1_4_729345.5788","intf","correct",41
1,0.736105,1,1,2,0,NA,"221","BL_again1_4_729345.5788","intf","correct",42
1,0.648952,3,3,2,0,NA,"322","BL_again1_4_729345.5788","intf","correct",43
1,0.727307,2,2,2,0,NA,"233","BL_again1_4_729345.5788","intf","correct",44
1,0.616401,3,3,2,0,NA,"322","BL_again1_4_729345.5788","intf","correct",45
1,0.685492,1,1,1,1,0,"100","BL_again1_4_729345.5788","nbk","correct",46
1,0.674953,2,2,1,0,0,"020","BL_again1_4_729345.5788","nbk","correct",47
0,0.815549,1,3,2,1,NA,"131","BL_again1_4_729345.5788","intf","wrong",48
1,0.725265,1,1,2,0,NA,"221","BL_again1_4_729345.5788","intf","correct",49
1,0.759468,2,2,2,0,NA,"233","BL_again1_4_729345.5788","intf","correct",50
1,0.806933,3,3,2,0,NA,"131","BL_again1_4_729345.5788","intf","correct",51
1,0.931245,3,3,2,0,NA,"322","BL_again1_4_729345.5788","intf","correct",52
1,0.602851,1,1,2,0,NA,"221","BL_again1_4_729345.5788","intf","correct",53
1,0.527491,1,1,1,1,0,"100","BL_again1_4_729345.5788","nbk","correct",54
1,0.5147,2,2,1,0,0,"020","BL_again1_4_729345.5788","nbk","correct",55
1,0.548232,2,2,3,1,NA,"020","BL_again1_4_729345.5788","cngr","correct",56
1,0.414696,2,2,3,0,NA,"020","BL_again1_4_729345.5788","cngr","correct",57
1,0.458992,3,3,3,0,NA,"003","BL_again1_4_729345.5788","cngr","correct",58
1,0.441286,2,2,1,1,0,"020","BL_again1_4_729345.5788","nbk","correct",59
1,0.4076,1,1,1,0,0,"100","BL_again1_4_729345.5788","nbk","correct",60
0,0.482605,2,1,1,0,1,"XXX","BL_again1_4_729345.5788","nbk","wrong",61
0,0.830453,1,2,1,0,1,"XXX","BL_again1_4_729345.5788","nbk","wrong",62
1,0.606605,3,3,1,0,0,"003","BL_again1_4_729345.5788","nbk","correct",63
1,0.468319,2,2,3,1,NA,"020","BL_again1_4_729345.5788","cngr","correct",64
1,0.483511,3,3,3,0,NA,"003","BL_again1_4_729345.5788","cngr","correct",65
1,0.512182,1,1,3,0,NA,"100","BL_again1_4_729345.5788","cngr","correct",66
1,0.484588,1,1,3,0,NA,"100","BL_again1_4_729345.5788","cngr","correct",67
1,0.486801,1,1,3,0,NA,"100","BL_again1_4_729345.5788","cngr","correct",68
1,0.452499,2,2,3,0,NA,"020","BL_again1_4_729345.5788","cngr","correct",69
1,0.421783,2,2,3,0,NA,"020","BL_again1_4_729345.5788","cngr","correct",70
1,0.395537,1,1,3,0,NA,"100","BL_again1_4_729345.5788","cngr","correct",71
1,0.387225,2,2,3,0,NA,"020","BL_again1_4_729345.5788","cngr","correct",72
1,0.448967,1,1,3,0,NA,"100","BL_again1_4_729345.5788","cngr","correct",73
1,0.458894,3,3,1,1,0,"003","BL_again1_4_729345.5788","nbk","correct",74
1,0.458833,3,3,1,0,0,"003","BL_again1_4_729345.5788","nbk","correct",75
1,0.514959,2,2,1,0,0,"020","BL_again1_4_729345.5788","nbk","correct",76
1,0.444685,2,2,1,0,0,"020","BL_again1_4_729345.5788","nbk","correct",77
1,0.554767,2,2,1,0,0,"020","BL_again1_4_729345.5788","nbk","correct",78
1,0.538611,2,2,1,0,1,"XXX","BL_again1_4_729345.5788","nbk","correct",79
1,0.401044,2,2,3,1,NA,"020","BL_again1_4_729345.5788","cngr","correct",80
1,0.418699,1,1,3,0,NA,"100","BL_again1_4_729345.5788","cngr","correct",81
1,0.451404,3,3,3,0,NA,"003","BL_again1_4_729345.5788","cngr","correct",82
1,0.492642,2,2,3,0,NA,"020","BL_again1_4_729345.5788","cngr","correct",83
1,0.490393,3,3,3,0,NA,"003","BL_again1_4_729345.5788","cngr","correct",84
1,0.390325,3,3,3,0,NA,"003","BL_again1_4_729345.5788","cngr","correct",85
1,0.491301,2,2,3,0,NA,"020","BL_again1_4_729345.5788","cngr","correct",86
1,0.430968,1,1,3,0,NA,"100","BL_again1_4_729345.5788","cngr","correct",87
1,0.949922,3,3,3,0,NA,"003","BL_again1_4_729345.5788","cngr","correct",88
1,0.587927,1,1,3,0,NA,"100","BL_again1_4_729345.5788","cngr","correct",89
1,0.962839,1,1,2,1,NA,"221","BL_again1_4_729345.5788","intf","correct",90
1,0.750837,2,2,2,0,NA,"112","BL_again1_4_729345.5788","intf","correct",91
1,0.881694,2,2,2,0,NA,"233","BL_again1_4_729345.5788","intf","correct",92
1,0.654306,2,2,2,0,NA,"233","BL_again1_4_729345.5788","intf","correct",93
0,0.595855,1,2,2,0,NA,"112","BL_again1_4_729345.5788","intf","wrong",94
1,0.545102,2,2,1,1,0,"020","BL_again1_4_729345.5788","nbk","correct",95
1,0.755569,3,3,1,0,0,"003","BL_again1_4_729345.5788","nbk","correct",96
1,0.515055,2,2,3,1,NA,"020","BL_again1_4_729345.5788","cngr","correct",97
1,0.527984,1,1,3,0,NA,"100","BL_again1_4_729345.5788","cngr","correct",98
1,0.556544,1,1,1,1,0,"100","BL_again1_4_729345.5788","nbk","correct",99
1,0.520923,3,3,1,0,0,"003","BL_again1_4_729345.5788","nbk","correct",100
0,0.93751,3,2,1,0,1,"XXX","BL_again1_4_729345.5788","nbk","wrong",101
-1,Inf,0,1,1,0,1,"XXX","BL_again1_4_729345.5788","nbk","noresp",102
1,0.618287,2,2,1,0,0,"020","BL_again1_4_729345.5788","nbk","correct",103
1,0.567325,3,3,1,0,0,"003","BL_again1_4_729345.5788","nbk","correct",104
-1,Inf,0,2,1,0,1,"XXX","BL_again1_4_729345.5788","nbk","noresp",105
1,0.538682,2,2,1,0,0,"020","BL_again1_4_729345.5788","nbk","correct",106
1,0.565153,3,3,1,0,0,"003","BL_again1_4_729345.5788","nbk","correct",107
-1,Inf,0,3,1,0,1,"XXX","BL_again1_4_729345.5788","nbk","noresp",108
0,0.812246,2,3,1,0,1,"XXX","BL_again1_4_729345.5788","nbk","wrong",109
1,0.577368,1,1,1,0,0,"100","BL_again1_4_729345.5788","nbk","correct",110
1,0.493995,1,1,1,0,0,"100","BL_again1_4_729345.5788","nbk","correct",111
0,0.346593,1,3,1,0,1,"XXX","BL_again1_4_729345.5788","nbk","wrong",112
1,0.689584,1,1,1,0,1,"XXX","BL_again1_4_729345.5788","nbk","correct",113
1,0.500067,1,1,1,0,0,"100","BL_again1_4_729345.5788","nbk","correct",114
1,0.486971,1,1,1,0,0,"100","BL_again1_4_729345.5788","nbk","correct",115
1,0.782044,1,1,1,0,1,"XXX","BL_again1_4_729345.5788","nbk","correct",116
1,0.698936,1,1,2,1,NA,"313","BL_again1_4_729345.5788","intf","correct",117
1,0.691592,2,2,2,0,NA,"233","BL_again1_4_729345.5788","intf","correct",118
0,0.744274,1,3,2,0,NA,"131","BL_again1_4_729345.5788","intf","wrong",119
-1,Inf,0,3,2,0,NA,"131","BL_again1_4_729345.5788","intf","noresp",120
1,0.472455,3,3,3,0,NA,"003","BL_again2_4_730035.2984","cngr","correct",1
1,0.775763,2,2,2,1,NA,"233","BL_again2_4_730035.2984","intf","correct",2
1,0.61875,1,1,2,0,NA,"221","BL_again2_4_730035.2984","intf","correct",3
-1,Inf,0,3,2,0,NA,"131","BL_again2_4_730035.2984","intf","noresp",4
1,0.686621,2,2,2,0,NA,"233","BL_again2_4_730035.2984","intf","correct",5
1,0.55393,1,1,3,1,NA,"100","BL_again2_4_730035.2984","cngr","correct",6
1,0.398703,1,1,3,0,NA,"100","BL_again2_4_730035.2984","cngr","correct",7
1,0.457323,3,3,1,1,0,"003","BL_again2_4_730035.2984","nbk","correct",8
1,0.545333,3,3,1,0,0,"003","BL_again2_4_730035.2984","nbk","correct",9
1,0.604179,3,3,1,0,1,"XXX","BL_again2_4_730035.2984","nbk","correct",10
1,0.58182,2,2,3,1,NA,"020","BL_again2_4_730035.2984","cngr","correct",11
1,0.534413,3,3,3,0,NA,"003","BL_again2_4_730035.2984","cngr","correct",12
-1,Inf,0,2,2,1,NA,"112","BL_again2_4_730035.2984","intf","noresp",13
1,0.987427,1,1,2,0,NA,"313","BL_again2_4_730035.2984","intf","correct",14
1,0.636424,2,2,2,0,NA,"233","BL_again2_4_730035.2984","intf","correct",15
-1,Inf,0,3,2,0,NA,"131","BL_again2_4_730035.2984","intf","noresp",16
0,0.832863,2,3,2,0,NA,"322","BL_again2_4_730035.2984","intf","wrong",17
1,0.637208,1,1,2,0,NA,"221","BL_again2_4_730035.2984","intf","correct",18
1,0.420602,3,3,3,1,NA,"003","BL_again2_4_730035.2984","cngr","correct",19
1,0.412616,1,1,1,1,0,"100","BL_again2_4_730035.2984","nbk","correct",20
1,0.427569,1,1,1,0,0,"100","BL_again2_4_730035.2984","nbk","correct",21
1,0.517003,3,3,1,0,0,"003","BL_again2_4_730035.2984","nbk","correct",22
1,0.389254,1,1,1,0,0,"100","BL_again2_4_730035.2984","nbk","correct",23
-1,Inf,0,2,2,1,NA,"112","BL_again2_4_730035.2984","intf","noresp",24
-1,Inf,0,1,2,0,NA,"313","BL_again2_4_730035.2984","intf","noresp",25
1,0.567877,1,1,1,1,0,"100","BL_again2_4_730035.2984","nbk","correct",26
1,0.460406,1,1,1,0,0,"100","BL_again2_4_730035.2984","nbk","correct",27
1,0.84799,1,1,1,0,1,"XXX","BL_again2_4_730035.2984","nbk","correct",28
1,0.456486,2,2,1,0,0,"020","BL_again2_4_730035.2984","nbk","correct",29
1,0.883975,2,2,3,1,NA,"020","BL_again2_4_730035.2984","cngr","correct",30
1,0.505088,2,2,3,0,NA,"020","BL_again2_4_730035.2984","cngr","correct",31
1,0.496151,3,3,3,0,NA,"003","BL_again2_4_730035.2984","cngr","correct",32
1,0.497219,2,2,3,0,NA,"020","BL_again2_4_730035.2984","cngr","correct",33
1,0.443372,1,1,3,0,NA,"100","BL_again2_4_730035.2984","cngr","correct",34
1,0.460695,2,2,1,1,0,"020","BL_again2_4_730035.2984","nbk","correct",35
1,0.666103,2,2,1,0,0,"020","BL_again2_4_730035.2984","nbk","correct",36
0,0.795006,2,1,1,0,1,"XXX","BL_again2_4_730035.2984","nbk","wrong",37
1,0.550551,2,2,3,1,NA,"020","BL_again2_4_730035.2984","cngr","correct",38
1,0.442554,1,1,3,0,NA,"100","BL_again2_4_730035.2984","cngr","correct",39
1,0.557011,3,3,3,0,NA,"003","BL_again2_4_730035.2984","cngr","correct",40
1,0.399123,1,1,3,0,NA,"100","BL_again2_4_730035.2984","cngr","correct",41
1,0.422908,1,1,3,0,NA,"100","BL_again2_4_730035.2984","cngr","correct",42
1,0.443419,3,3,3,0,NA,"003","BL_again2_4_730035.2984","cngr","correct",43
1,0.436514,3,3,3,0,NA,"003","BL_again2_4_730035.2984","cngr","correct",44
1,0.418979,1,1,3,0,NA,"100","BL_again2_4_730035.2984","cngr","correct",45
1,0.533764,3,3,3,0,NA,"003","BL_again2_4_730035.2984","cngr","correct",46
1,0.427138,1,1,3,0,NA,"100","BL_again2_4_730035.2984","cngr","correct",47
1,0.428077,3,3,3,0,NA,"003","BL_again2_4_730035.2984","cngr","correct",48
1,0.391996,2,2,3,0,NA,"020","BL_again2_4_730035.2984","cngr","correct",49
1,0.417832,1,1,3,0,NA,"100","BL_again2_4_730035.2984","cngr","correct",50
1,0.381405,1,1,3,0,NA,"100","BL_again2_4_730035.2984","cngr","correct",51
1,0.426209,2,2,3,0,NA,"020","BL_again2_4_730035.2984","cngr","correct",52
1,0.401972,3,3,1,1,0,"003","BL_again2_4_730035.2984","nbk","correct",53
1,0.45019,2,2,1,0,0,"020","BL_again2_4_730035.2984","nbk","correct",54
1,0.45326,1,1,1,0,0,"100","BL_again2_4_730035.2984","nbk","correct",55
0,0.659412,1,2,1,0,1,"XXX","BL_again2_4_730035.2984","nbk","wrong",56
0,0.77589,1,2,1,0,1,"XXX","BL_again2_4_730035.2984","nbk","wrong",57
1,0.527713,2,2,1,0,0,"020","BL_again2_4_730035.2984","nbk","correct",58
1,0.505899,3,3,1,0,0,"003","BL_again2_4_730035.2984","nbk","correct",59
1,0.402189,3,3,1,0,0,"003","BL_again2_4_730035.2984","nbk","correct",60
1,0.495201,2,2,1,0,0,"020","BL_again2_4_730035.2984","nbk","correct",61
1,0.378338,2,2,3,1,NA,"020","BL_again2_4_730035.2984","cngr","correct",62
1,0.357145,2,2,3,0,NA,"020","BL_again2_4_730035.2984","cngr","correct",63
1,0.461568,3,3,3,0,NA,"003","BL_again2_4_730035.2984","cngr","correct",64
1,0.449262,1,1,3,0,NA,"100","BL_again2_4_730035.2984","cngr","correct",65
1,0.548025,2,2,3,0,NA,"020","BL_again2_4_730035.2984","cngr","correct",66
1,0.496543,2,2,3,0,NA,"020","BL_again2_4_730035.2984","cngr","correct",67
1,0.422522,3,3,3,0,NA,"003","BL_again2_4_730035.2984","cngr","correct",68
1,0.487503,3,3,3,0,NA,"003","BL_again2_4_730035.2984","cngr","correct",69
1,0.397846,3,3,3,0,NA,"003","BL_again2_4_730035.2984","cngr","correct",70
1,0.448496,2,2,3,0,NA,"020","BL_again2_4_730035.2984","cngr","correct",71
1,0.437469,1,1,3,0,NA,"100","BL_again2_4_730035.2984","cngr","correct",72
1,0.688962,3,3,2,1,NA,"131","BL_again2_4_730035.2984","intf","correct",73
1,0.670644,1,1,2,0,NA,"221","BL_again2_4_730035.2984","intf","correct",74
-1,Inf,0,3,2,0,NA,"322","BL_again2_4_730035.2984","intf","noresp",75
1,0.772167,2,2,2,0,NA,"112","BL_again2_4_730035.2984","intf","correct",76
1,0.379723,1,1,1,1,0,"100","BL_again2_4_730035.2984","nbk","correct",77
1,0.578271,3,3,1,0,0,"003","BL_again2_4_730035.2984","nbk","correct",78
0,0.566704,1,2,1,0,1,"XXX","BL_again2_4_730035.2984","nbk","wrong",79
-1,Inf,0,1,1,0,1,"XXX","BL_again2_4_730035.2984","nbk","noresp",80
1,0.618062,3,3,1,0,0,"003","BL_again2_4_730035.2984","nbk","correct",81
1,0.522425,2,2,1,0,0,"020","BL_again2_4_730035.2984","nbk","correct",82
1,0.81295,2,2,1,0,0,"020","BL_again2_4_730035.2984","nbk","correct",83
1,0.715879,1,1,2,1,NA,"313","BL_again2_4_730035.2984","intf","correct",84
1,0.632183,1,1,2,0,NA,"221","BL_again2_4_730035.2984","intf","correct",85
1,0.384435,1,1,1,1,0,"100","BL_again2_4_730035.2984","nbk","correct",86
1,0.449098,2,2,1,0,0,"020","BL_again2_4_730035.2984","nbk","correct",87
0,0.597838,1,3,1,0,1,"XXX","BL_again2_4_730035.2984","nbk","wrong",88
0,0.795101,2,3,1,0,1,"XXX","BL_again2_4_730035.2984","nbk","wrong",89
1,0.548216,2,2,1,0,0,"020","BL_again2_4_730035.2984","nbk","correct",90
1,0.486316,1,1,1,0,0,"100","BL_again2_4_730035.2984","nbk","correct",91
0,0.575721,1,2,1,0,1,"XXX","BL_again2_4_730035.2984","nbk","wrong",92
1,0.519992,3,3,1,0,0,"003","BL_again2_4_730035.2984","nbk","correct",93
-1,Inf,0,1,2,1,NA,"313","BL_again2_4_730035.2984","intf","noresp",94
-1,Inf,0,2,2,0,NA,"233","BL_again2_4_730035.2984","intf","noresp",95
1,0.670107,2,2,2,0,NA,"233","BL_again2_4_730035.2984","intf","correct",96
1,0.718268,2,2,2,0,NA,"233","BL_again2_4_730035.2984","intf","correct",97
0,0.803632,1,3,2,0,NA,"131","BL_again2_4_730035.2984","intf","wrong",98
1,0.713339,1,1,2,0,NA,"221","BL_again2_4_730035.2984","intf","correct",99
1,0.640013,1,1,2,0,NA,"221","BL_again2_4_730035.2984","intf","correct",100
-1,Inf,0,3,2,0,NA,"322","BL_again2_4_730035.2984","intf","noresp",101
1,0.443144,1,1,3,1,NA,"100","BL_again2_4_730035.2984","cngr","correct",102
1,0.385879,1,1,3,0,NA,"100","BL_again2_4_730035.2984","cngr","correct",103
1,0.496432,2,2,3,0,NA,"020","BL_again2_4_730035.2984","cngr","correct",104
1,0.849667,3,3,2,1,NA,"131","BL_again2_4_730035.2984","intf","correct",105
1,0.778197,2,2,2,0,NA,"233","BL_again2_4_730035.2984","intf","correct",106
0,0.785411,1,3,2,0,NA,"131","BL_again2_4_730035.2984","intf","wrong",107
0,0.803243,2,3,2,0,NA,"131","BL_again2_4_730035.2984","intf","wrong",108
1,0.699764,1,1,2,0,NA,"221","BL_again2_4_730035.2984","intf","correct",109
1,0.434988,3,3,1,1,0,"003","BL_again2_4_730035.2984","nbk","correct",110
1,0.486011,1,1,1,0,0,"100","BL_again2_4_730035.2984","nbk","correct",111
1,0.724347,3,3,2,1,NA,"322","BL_again2_4_730035.2984","intf","correct",112
1,0.658112,1,1,2,0,NA,"221","BL_again2_4_730035.2984","intf","correct",113
1,0.752644,3,3,2,0,NA,"322","BL_again2_4_730035.2984","intf","correct",114
1,0.665383,1,1,2,0,NA,"313","BL_again2_4_730035.2984","intf","correct",115
1,0.686497,2,2,2,0,NA,"112","BL_again2_4_730035.2984","intf","correct",116
1,0.730723,2,2,2,0,NA,"112","BL_again2_4_730035.2984","intf","correct",117
-1,Inf,0,2,2,0,NA,"233","BL_again2_4_730035.2984","intf","noresp",118
1,0.760758,3,3,2,0,NA,"131","BL_again2_4_730035.2984","intf","correct",119
-1,Inf,0,1,2,0,NA,"221","BL_again2_4_730035.2984","intf","noresp",120
1,0.539436,3,3,1,0,0,"003","BTC_1_731302.5558","nbk","correct",1
1,0.357309,3,3,1,0,0,"003","BTC_1_731302.5558","nbk","correct",2
1,0.459732,1,1,1,0,0,"100","BTC_1_731302.5558","nbk","correct",3
1,0.435786,1,1,1,0,0,"100","BTC_1_731302.5558","nbk","correct",4
1,0.485016,2,2,1,0,0,"020","BTC_1_731302.5558","nbk","correct",5
-1,Inf,0,1,1,0,1,"XXX","BTC_1_731302.5558","nbk","noresp",6
1,0.542412,2,2,1,0,0,"020","BTC_1_731302.5558","nbk","correct",7
1,0.456347,3,3,1,0,0,"003","BTC_1_731302.5558","nbk","correct",8
1,0.404198,1,1,1,0,0,"100","BTC_1_731302.5558","nbk","correct",9
0,0.904577,1,3,1,0,1,"XXX","BTC_1_731302.5558","nbk","wrong",10
1,0.44089,3,3,1,0,0,"003","BTC_1_731302.5558","nbk","correct",11
-1,Inf,0,3,1,0,1,"XXX","BTC_1_731302.5558","nbk","noresp",12
-1,Inf,0,1,1,0,0,"100","BTC_1_731302.5558","nbk","noresp",13
1,0.618118,2,2,1,0,0,"020","BTC_1_731302.5558","nbk","correct",14
1,0.683492,1,1,1,0,1,"XXX","BTC_1_731302.5558","nbk","correct",15
1,0.589761,2,2,1,0,0,"020","BTC_1_731302.5558","nbk","correct",16
1,0.550005,3,3,1,0,0,"003","BTC_1_731302.5558","nbk","correct",17
-1,Inf,0,2,1,0,1,"XXX","BTC_1_731302.5558","nbk","noresp",18
1,0.800966,2,2,1,0,0,"020","BTC_1_731302.5558","nbk","correct",19
0,0.954611,3,2,1,0,1,"XXX","BTC_1_731302.5558","nbk","wrong",20
1,0.534002,1,1,1,0,0,"100","BTC_1_731302.5558","nbk","correct",21
1,0.55041,2,2,1,0,0,"020","BTC_1_731302.5558","nbk","correct",22
1,0.50783,1,1,1,0,0,"100","BTC_1_731302.5558","nbk","correct",23
1,0.539607,2,2,1,0,0,"020","BTC_1_731302.5558","nbk","correct",24
1,0.90565,1,1,1,0,1,"XXX","BTC_1_731302.5558","nbk","correct",25
1,0.508572,3,3,1,0,0,"003","BTC_1_731302.5558","nbk","correct",26
1,0.444698,1,1,1,0,0,"100","BTC_1_731302.5558","nbk","correct",27
1,0.50977,3,3,1,0,0,"003","BTC_1_731302.5558","nbk","correct",28
1,0.526548,2,2,1,0,0,"020","BTC_1_731302.5558","nbk","correct",29
-1,Inf,0,3,1,0,1,"XXX","BTC_1_731302.5558","nbk","noresp",30
1,0.526841,1,1,1,0,0,"100","BTC_1_731302.5558","nbk","correct",31
1,0.475997,1,1,1,0,0,"100","BTC_1_731302.5558","nbk","correct",32
1,0.457557,3,3,1,0,0,"003","BTC_1_731302.5558","nbk","correct",33
1,0.470759,1,1,1,0,0,"100","BTC_1_731302.5558","nbk","correct",34
1,0.896645,3,3,1,0,1,"XXX","BTC_1_731302.5558","nbk","correct",35
1,0.548023,3,3,1,0,0,"003","BTC_1_731302.5558","nbk","correct",36
1,0.530265,3,3,1,0,0,"003","BTC_1_731302.5558","nbk","correct",37
1,0.60058,1,1,1,0,0,"100","BTC_1_731302.5558","nbk","correct",38
1,0.629738,2,2,1,0,0,"020","BTC_1_731302.5558","nbk","correct",39
1,0.580455,2,2,1,0,0,"020","BTC_1_731302.5558","nbk","correct",40
1,0.705165,3,3,2,0,NA,"322","BTC_2_731751.0289","intf","correct",1
1,0.728796,2,2,2,0,NA,"112","BTC_2_731751.0289","intf","correct",2
1,0.87432,3,3,2,0,NA,"131","BTC_2_731751.0289","intf","correct",3
1,0.631464,3,3,2,0,NA,"131","BTC_2_731751.0289","intf","correct",4
1,0.673785,1,1,2,0,NA,"221","BTC_2_731751.0289","intf","correct",5
1,0.666735,1,1,2,0,NA,"221","BTC_2_731751.0289","intf","correct",6
1,0.735808,1,1,2,0,NA,"313","BTC_2_731751.0289","intf","correct",7
1,0.674033,1,1,2,0,NA,"221","BTC_2_731751.0289","intf","correct",8
1,0.734501,1,1,2,0,NA,"313","BTC_2_731751.0289","intf","correct",9
1,0.950976,2,2,2,0,NA,"233","BTC_2_731751.0289","intf","correct",10
1,0.798301,2,2,2,0,NA,"233","BTC_2_731751.0289","intf","correct",11
1,0.934005,2,2,2,0,NA,"233","BTC_2_731751.0289","intf","correct",12
-1,Inf,0,2,2,0,NA,"112","BTC_2_731751.0289","intf","noresp",13
1,0.830499,3,3,2,0,NA,"131","BTC_2_731751.0289","intf","correct",14
1,0.749005,3,3,2,0,NA,"322","BTC_2_731751.0289","intf","correct",15
1,0.72959,1,1,2,0,NA,"221","BTC_2_731751.0289","intf","correct",16
1,0.760529,2,2,2,0,NA,"233","BTC_2_731751.0289","intf","correct",17
1,0.902549,2,2,2,0,NA,"112","BTC_2_731751.0289","intf","correct",18
1,0.627276,2,2,2,0,NA,"233","BTC_2_731751.0289","intf","correct",19
1,0.702852,1,1,2,0,NA,"313","BTC_2_731751.0289","intf","correct",20
1,0.691135,2,2,2,0,NA,"112","BTC_2_731751.0289","intf","correct",21
1,0.702998,3,3,2,0,NA,"131","BTC_2_731751.0289","intf","correct",22
1,0.724498,2,2,2,0,NA,"233","BTC_2_731751.0289","intf","correct",23
1,0.703465,2,2,2,0,NA,"233","BTC_2_731751.0289","intf","correct",24
1,0.769127,3,3,2,0,NA,"131","BTC_2_731751.0289","intf","correct",25
1,0.732347,3,3,2,0,NA,"131","BTC_2_731751.0289","intf","correct",26
1,0.606848,3,3,2,0,NA,"131","BTC_2_731751.0289","intf","correct",27
1,0.81874,1,1,2,0,NA,"221","BTC_2_731751.0289","intf","correct",28
1,0.660887,3,3,2,0,NA,"322","BTC_2_731751.0289","intf","correct",29
1,0.750276,1,1,2,0,NA,"221","BTC_2_731751.0289","intf","correct",30
1,0.698969,1,1,2,0,NA,"313","BTC_2_731751.0289","intf","correct",31
1,0.800594,2,2,2,0,NA,"112","BTC_2_731751.0289","intf","correct",32
1,0.847166,1,1,2,0,NA,"221","BTC_2_731751.0289","intf","correct",33
1,0.745205,3,3,2,0,NA,"322","BTC_2_731751.0289","intf","correct",34
1,0.732662,1,1,2,0,NA,"313","BTC_2_731751.0289","intf","correct",35
1,0.795399,3,3,2,0,NA,"322","BTC_2_731751.0289","intf","correct",36
-1,Inf,0,2,2,0,NA,"112","BTC_2_731751.0289","intf","noresp",37
1,0.644057,3,3,2,0,NA,"322","BTC_2_731751.0289","intf","correct",38
1,0.657074,1,1,2,0,NA,"313","BTC_2_731751.0289","intf","correct",39
1,0.604234,1,1,2,0,NA,"313","BTC_2_731751.0289","intf","correct",40
-1,Inf,0,3,2,0,NA,"131","BTC_4_731942.805","intf","noresp",1
1,0.633888,3,3,2,0,NA,"322","BTC_4_731942.805","intf","correct",2
1,0.556081,3,3,2,0,NA,"131","BTC_4_731942.805","intf","correct",3
1,0.761296,2,2,2,0,NA,"112","BTC_4_731942.805","intf","correct",4
1,0.723196,2,2,2,0,NA,"233","BTC_4_731942.805","intf","correct",5
1,0.518028,3,3,2,0,NA,"322","BTC_4_731942.805","intf","correct",6
1,0.646651,2,2,2,0,NA,"112","BTC_4_731942.805","intf","correct",7
1,0.626742,2,2,2,0,NA,"112","BTC_4_731942.805","intf","correct",8
1,0.532581,2,2,1,1,0,"020","BTC_4_731942.805","nbk","correct",9
1,0.463163,3,3,1,0,0,"003","BTC_4_731942.805","nbk","correct",10
1,0.56454,1,1,1,0,0,"100","BTC_4_731942.805","nbk","correct",11
1,0.665969,3,3,1,0,1,"XXX","BTC_4_731942.805","nbk","correct",12
1,0.525203,3,3,1,0,0,"003","BTC_4_731942.805","nbk","correct",13
1,0.432848,1,1,1,0,0,"100","BTC_4_731942.805","nbk","correct",14
-1,Inf,0,3,1,0,1,"XXX","BTC_4_731942.805","nbk","noresp",15
1,0.476573,1,1,3,1,NA,"100","BTC_4_731942.805","cngr","correct",16
1,0.412945,3,3,3,0,NA,"003","BTC_4_731942.805","cngr","correct",17
1,0.356656,1,1,3,0,NA,"100","BTC_4_731942.805","cngr","correct",18
1,0.32933,1,1,3,0,NA,"100","BTC_4_731942.805","cngr","correct",19
1,0.469293,2,2,3,0,NA,"020","BTC_4_731942.805","cngr","correct",20
1,0.465624,3,3,3,0,NA,"003","BTC_4_731942.805","cngr","correct",21
1,0.452964,3,3,3,0,NA,"003","BTC_4_731942.805","cngr","correct",22
1,0.391702,1,1,3,0,NA,"100","BTC_4_731942.805","cngr","correct",23
-1,Inf,0,1,2,1,NA,"313","BTC_4_731942.805","intf","noresp",24
1,0.536248,2,2,3,1,NA,"020","BTC_4_731942.805","cngr","correct",25
1,0.502505,1,1,3,0,NA,"100","BTC_4_731942.805","cngr","correct",26
1,0.486246,1,1,3,0,NA,"100","BTC_4_731942.805","cngr","correct",27
1,0.942807,3,3,2,1,NA,"322","BTC_4_731942.805","intf","correct",28
1,0.654229,1,1,2,0,NA,"221","BTC_4_731942.805","intf","correct",29
1,0.889681,2,2,2,0,NA,"233","BTC_4_731942.805","intf","correct",30
1,0.826308,2,2,2,0,NA,"112","BTC_4_731942.805","intf","correct",31
1,0.72107,3,3,2,0,NA,"131","BTC_4_731942.805","intf","correct",32
1,0.557697,3,3,1,1,0,"003","BTC_4_731942.805","nbk","correct",33
1,0.639247,2,2,1,0,0,"020","BTC_4_731942.805","nbk","correct",34
1,0.529706,2,2,1,0,0,"020","BTC_4_731942.805","nbk","correct",35
1,0.538185,3,3,1,0,0,"003","BTC_4_731942.805","nbk","correct",36
-1,Inf,0,2,1,0,1,"XXX","BTC_4_731942.805","nbk","noresp",37
1,0.497398,2,2,1,0,0,"020","BTC_4_731942.805","nbk","correct",38
1,0.524154,1,1,1,0,0,"100","BTC_4_731942.805","nbk","correct",39
1,0.973449,1,1,2,1,NA,"313","BTC_4_731942.805","intf","correct",40
1,0.803754,3,3,2,0,NA,"322","BTC_4_731942.805","intf","correct",41
1,0.63331,3,3,2,0,NA,"131","BTC_4_731942.805","intf","correct",42
1,0.621869,1,1,2,0,NA,"221","BTC_4_731942.805","intf","correct",43
1,0.51524,1,1,1,1,0,"100","BTC_4_731942.805","nbk","correct",44
1,0.564131,2,2,1,0,0,"020","BTC_4_731942.805","nbk","correct",45
1,0.866809,1,1,2,1,NA,"221","BTC_4_731942.805","intf","correct",46
1,0.581821,1,1,2,0,NA,"313","BTC_4_731942.805","intf","correct",47
1,0.664661,1,1,2,0,NA,"313","BTC_4_731942.805","intf","correct",48
1,0.603075,1,1,2,0,NA,"221","BTC_4_731942.805","intf","correct",49
1,0.611836,3,3,1,1,0,"003","BTC_4_731942.805","nbk","correct",50
1,0.57568,3,3,3,1,NA,"003","BTC_4_731942.805","cngr","correct",51
1,0.517324,1,1,3,0,NA,"100","BTC_4_731942.805","cngr","correct",52
1,0.542887,2,2,3,0,NA,"020","BTC_4_731942.805","cngr","correct",53
1,0.558579,3,3,3,0,NA,"003","BTC_4_731942.805","cngr","correct",54
1,0.578493,2,2,3,0,NA,"020","BTC_4_731942.805","cngr","correct",55
1,0.527859,2,2,3,0,NA,"020","BTC_4_731942.805","cngr","correct",56
1,0.536955,1,1,3,0,NA,"100","BTC_4_731942.805","cngr","correct",57
1,0.479457,3,3,3,0,NA,"003","BTC_4_731942.805","cngr","correct",58
1,0.4249,1,1,3,0,NA,"100","BTC_4_731942.805","cngr","correct",59
1,0.34572,1,1,3,0,NA,"100","BTC_4_731942.805","cngr","correct",60
1,0.479278,2,2,3,0,NA,"020","BTC_4_731942.805","cngr","correct",61
1,0.48912,1,1,1,1,0,"100","BTC_4_731942.805","nbk","correct",62
1,0.526687,3,3,1,0,0,"003","BTC_4_731942.805","nbk","correct",63
-1,Inf,0,1,1,0,1,"XXX","BTC_4_731942.805","nbk","noresp",64
-1,Inf,0,2,1,0,1,"XXX","BTC_4_731942.805","nbk","noresp",65
1,0.490333,1,1,1,0,0,"100","BTC_4_731942.805","nbk","correct",66
1,0.532368,1,1,1,0,0,"100","BTC_4_731942.805","nbk","correct",67
1,0.490154,2,2,1,0,0,"020","BTC_4_731942.805","nbk","correct",68
1,0.439735,2,2,1,0,0,"020","BTC_4_731942.805","nbk","correct",69
0,0.668276,2,1,1,0,1,"XXX","BTC_4_731942.805","nbk","wrong",70
1,0.886437,2,2,1,0,1,"XXX","BTC_4_731942.805","nbk","correct",71
-1,Inf,0,1,2,1,NA,"313","BTC_4_731942.805","intf","noresp",72
1,0.523791,1,1,3,1,NA,"100","BTC_4_731942.805","cngr","correct",73
1,0.511197,2,2,3,0,NA,"020","BTC_4_731942.805","cngr","correct",74
1,0.372175,2,2,3,0,NA,"020","BTC_4_731942.805","cngr","correct",75
1,0.519768,3,3,1,1,0,"003","BTC_4_731942.805","nbk","correct",76
1,0.417359,2,2,1,0,0,"020","BTC_4_731942.805","nbk","correct",77
1,0.416745,2,2,3,1,NA,"020","BTC_4_731942.805","cngr","correct",78
1,0.483203,3,3,3,0,NA,"003","BTC_4_731942.805","cngr","correct",79
1,0.496661,1,1,3,0,NA,"100","BTC_4_731942.805","cngr","correct",80
1,0.398247,2,2,3,0,NA,"020","BTC_4_731942.805","cngr","correct",81
1,0.405494,2,2,3,0,NA,"020","BTC_4_731942.805","cngr","correct",82
1,0.469895,3,3,3,0,NA,"003","BTC_4_731942.805","cngr","correct",83
1,0.491037,3,3,3,0,NA,"003","BTC_4_731942.805","cngr","correct",84
1,0.936053,3,3,2,1,NA,"322","BTC_4_731942.805","intf","correct",85
1,0.660928,1,1,2,0,NA,"221","BTC_4_731942.805","intf","correct",86
1,0.485596,3,3,3,1,NA,"003","BTC_4_731942.805","cngr","correct",87
1,0.459232,3,3,3,0,NA,"003","BTC_4_731942.805","cngr","correct",88
1,0.800657,3,3,2,1,NA,"322","BTC_4_731942.805","intf","correct",89
1,0.687053,1,1,2,0,NA,"221","BTC_4_731942.805","intf","correct",90
1,0.845668,2,2,2,0,NA,"233","BTC_4_731942.805","intf","correct",91
1,0.681943,2,2,2,0,NA,"233","BTC_4_731942.805","intf","correct",92
1,0.71374,2,2,2,0,NA,"233","BTC_4_731942.805","intf","correct",93
-1,Inf,0,2,2,0,NA,"112","BTC_4_731942.805","intf","noresp",94
1,0.599644,2,2,2,0,NA,"112","BTC_4_731942.805","intf","correct",95
1,0.712677,3,3,2,0,NA,"131","BTC_4_731942.805","intf","correct",96
1,0.587465,3,3,2,0,NA,"131","BTC_4_731942.805","intf","correct",97
-1,Inf,0,1,2,0,NA,"313","BTC_4_731942.805","intf","noresp",98
1,0.675976,2,2,2,0,NA,"233","BTC_4_731942.805","intf","correct",99
1,0.638703,2,2,2,0,NA,"233","BTC_4_731942.805","intf","correct",100
1,0.669472,3,3,2,0,NA,"131","BTC_4_731942.805","intf","correct",101
1,0.728331,1,1,2,0,NA,"221","BTC_4_731942.805","intf","correct",102
1,0.541456,1,1,2,0,NA,"221","BTC_4_731942.805","intf","correct",103
1,0.479208,3,3,3,1,NA,"003","BTC_4_731942.805","cngr","correct",104
1,0.492294,1,1,3,0,NA,"100","BTC_4_731942.805","cngr","correct",105
1,0.529067,2,2,3,0,NA,"020","BTC_4_731942.805","cngr","correct",106
1,0.535476,3,3,3,0,NA,"003","BTC_4_731942.805","cngr","correct",107
1,0.480576,2,2,1,1,0,"020","BTC_4_731942.805","nbk","correct",108
1,0.573779,3,3,1,0,0,"003","BTC_4_731942.805","nbk","correct",109
1,0.559019,1,1,1,0,0,"100","BTC_4_731942.805","nbk","correct",110
1,0.46505,1,1,1,0,0,"100","BTC_4_731942.805","nbk","correct",111
1,0.58302,1,1,1,0,1,"XXX","BTC_4_731942.805","nbk","correct",112
1,0.595969,3,3,1,0,0,"003","BTC_4_731942.805","nbk","correct",113
1,0.553721,1,1,1,0,0,"100","BTC_4_731942.805","nbk","correct",114
0,0.642116,1,3,1,0,1,"XXX","BTC_4_731942.805","nbk","wrong",115
1,0.849645,3,3,1,0,1,"XXX","BTC_4_731942.805","nbk","correct",116
1,0.50802,2,2,3,1,NA,"020","BTC_4_731942.805","cngr","correct",117
1,0.431241,1,1,3,0,NA,"100","BTC_4_731942.805","cngr","correct",118
1,0.524575,2,2,1,1,0,"020","BTC_4_731942.805","nbk","correct",119
1,0.666568,3,3,1,0,0,"003","BTC_4_731942.805","nbk","correct",120
1,0.580723,1,1,2,0,NA,"221","BTC_4_732448.4334","intf","correct",1
1,0.65981,1,1,2,0,NA,"313","BTC_4_732448.4334","intf","correct",2
1,0.62382,1,1,2,0,NA,"313","BTC_4_732448.4334","intf","correct",3
1,0.585762,2,2,2,0,NA,"233","BTC_4_732448.4334","intf","correct",4
1,0.502534,1,1,2,0,NA,"221","BTC_4_732448.4334","intf","correct",5
1,0.52867,3,3,3,1,NA,"003","BTC_4_732448.4334","cngr","correct",6
1,0.45821,2,2,3,0,NA,"020","BTC_4_732448.4334","cngr","correct",7
1,0.451742,1,1,3,0,NA,"100","BTC_4_732448.4334","cngr","correct",8
1,0.406243,1,1,1,1,0,"100","BTC_4_732448.4334","nbk","correct",9
1,0.432428,3,3,1,0,0,"003","BTC_4_732448.4334","nbk","correct",10
-1,Inf,0,1,1,0,1,"XXX","BTC_4_732448.4334","nbk","noresp",11
1,0.745771,3,3,2,1,NA,"322","BTC_4_732448.4334","intf","correct",12
1,0.662069,2,2,2,0,NA,"233","BTC_4_732448.4334","intf","correct",13
1,0.631744,1,1,2,0,NA,"221","BTC_4_732448.4334","intf","correct",14
1,0.649546,1,1,2,0,NA,"313","BTC_4_732448.4334","intf","correct",15
1,0.58781,2,2,2,0,NA,"233","BTC_4_732448.4334","intf","correct",16
1,0.432998,1,1,1,1,0,"100","BTC_4_732448.4334","nbk","correct",17
1,0.481698,3,3,1,0,0,"003","BTC_4_732448.4334","nbk","correct",18
1,0.545063,2,2,1,0,0,"020","BTC_4_732448.4334","nbk","correct",19
0,0.762,3,1,1,0,1,"XXX","BTC_4_732448.4334","nbk","wrong",20
1,0.455292,1,1,1,0,0,"100","BTC_4_732448.4334","nbk","correct",21
1,0.418629,2,2,1,0,0,"020","BTC_4_732448.4334","nbk","correct",22
0,0.580036,2,3,1,0,1,"XXX","BTC_4_732448.4334","nbk","wrong",23
1,0.472366,3,3,3,1,NA,"003","BTC_4_732448.4334","cngr","correct",24
1,0.408962,1,1,3,0,NA,"100","BTC_4_732448.4334","cngr","correct",25
1,0.5482,3,3,3,0,NA,"003","BTC_4_732448.4334","cngr","correct",26
1,0.522565,2,2,1,1,0,"020","BTC_4_732448.4334","nbk","correct",27
1,0.528963,1,1,3,1,NA,"100","BTC_4_732448.4334","cngr","correct",28
1,0.498872,2,2,3,0,NA,"020","BTC_4_732448.4334","cngr","correct",29
1,0.400894,1,1,1,1,0,"100","BTC_4_732448.4334","nbk","correct",30
1,0.47908,1,1,1,0,0,"100","BTC_4_732448.4334","nbk","correct",31
1,0.42877,1,1,1,0,0,"100","BTC_4_732448.4334","nbk","correct",32
-1,Inf,0,2,1,0,1,"XXX","BTC_4_732448.4334","nbk","noresp",33
1,0.572736,2,2,1,0,0,"020","BTC_4_732448.4334","nbk","correct",34
1,0.540234,3,3,3,1,NA,"003","BTC_4_732448.4334","cngr","correct",35
1,0.443728,2,2,3,0,NA,"020","BTC_4_732448.4334","cngr","correct",36
1,0.529133,3,3,3,0,NA,"003","BTC_4_732448.4334","cngr","correct",37
1,0.482246,2,2,3,0,NA,"020","BTC_4_732448.4334","cngr","correct",38
1,0.531689,1,1,3,0,NA,"100","BTC_4_732448.4334","cngr","correct",39
1,0.591669,2,2,3,0,NA,"020","BTC_4_732448.4334","cngr","correct",40
1,0.455074,1,1,3,0,NA,"100","BTC_4_732448.4334","cngr","correct",41
1,0.516718,3,3,1,1,0,"003","BTC_4_732448.4334","nbk","correct",42
1,0.551685,1,1,1,0,0,"100","BTC_4_732448.4334","nbk","correct",43
1,0.474005,2,2,1,0,0,"020","BTC_4_732448.4334","nbk","correct",44
0,0.924122,3,2,1,0,1,"XXX","BTC_4_732448.4334","nbk","wrong",45
-1,Inf,0,2,1,0,1,"XXX","BTC_4_732448.4334","nbk","noresp",46
1,0.415828,3,3,1,0,0,"003","BTC_4_732448.4334","nbk","correct",47
1,0.455766,3,3,1,0,0,"003","BTC_4_732448.4334","nbk","correct",48
1,0.385977,3,3,1,0,0,"003","BTC_4_732448.4334","nbk","correct",49
0,0.573399,3,1,1,0,1,"XXX","BTC_4_732448.4334","nbk","wrong",50
1,0.475342,3,3,1,0,0,"003","BTC_4_732448.4334","nbk","correct",51
1,0.502254,2,2,1,0,0,"020","BTC_4_732448.4334","nbk","correct",52
-1,Inf,0,3,1,0,1,"XXX","BTC_4_732448.4334","nbk","noresp",53
1,0.507758,1,1,1,0,0,"100","BTC_4_732448.4334","nbk","correct",54
1,0.48695,2,2,1,0,0,"020","BTC_4_732448.4334","nbk","correct",55
1,0.443641,1,1,1,0,0,"100","BTC_4_732448.4334","nbk","correct",56
1,0.46231,1,1,1,0,0,"100","BTC_4_732448.4334","nbk","correct",57
1,0.395045,2,2,1,0,0,"020","BTC_4_732448.4334","nbk","correct",58
0,0.788968,2,3,2,1,NA,"131","BTC_4_732448.4334","intf","wrong",59
1,0.501808,3,3,1,1,0,"003","BTC_4_732448.4334","nbk","correct",60
1,0.548577,2,2,3,1,NA,"020","BTC_4_732448.4334","cngr","correct",61
1,0.441294,2,2,3,0,NA,"020","BTC_4_732448.4334","cngr","correct",62
1,0.356223,2,2,3,0,NA,"020","BTC_4_732448.4334","cngr","correct",63
1,0.647239,1,1,2,1,NA,"221","BTC_4_732448.4334","intf","correct",64
1,0.512797,3,3,3,1,NA,"003","BTC_4_732448.4334","cngr","correct",65
1,0.486372,1,1,3,0,NA,"100","BTC_4_732448.4334","cngr","correct",66
1,0.555534,1,1,3,0,NA,"100","BTC_4_732448.4334","cngr","correct",67
1,0.579204,2,2,3,0,NA,"020","BTC_4_732448.4334","cngr","correct",68
1,0.509449,1,1,3,0,NA,"100","BTC_4_732448.4334","cngr","correct",69
1,0.403193,1,1,3,0,NA,"100","BTC_4_732448.4334","cngr","correct",70
1,0.41368,1,1,3,0,NA,"100","BTC_4_732448.4334","cngr","correct",71
1,0.728266,1,1,3,0,NA,"100","BTC_4_732448.4334","cngr","correct",72
1,0.466497,3,3,3,0,NA,"003","BTC_4_732448.4334","cngr","correct",73
1,0.505461,2,2,3,0,NA,"020","BTC_4_732448.4334","cngr","correct",74
1,0.596517,3,3,3,0,NA,"003","BTC_4_732448.4334","cngr","correct",75
1,0.527487,3,3,3,0,NA,"003","BTC_4_732448.4334","cngr","correct",76
1,0.434741,3,3,3,0,NA,"003","BTC_4_732448.4334","cngr","correct",77
1,0.858874,2,2,2,1,NA,"233","BTC_4_732448.4334","intf","correct",78
1,0.575452,1,1,2,0,NA,"221","BTC_4_732448.4334","intf","correct",79
1,0.763137,2,2,2,0,NA,"112","BTC_4_732448.4334","intf","correct",80
1,0.710682,1,1,2,0,NA,"313","BTC_4_732448.4334","intf","correct",81
1,0.727501,3,3,2,0,NA,"131","BTC_4_732448.4334","intf","correct",82
1,0.522612,1,1,2,0,NA,"221","BTC_4_732448.4334","intf","correct",83
1,0.448256,2,2,1,1,0,"020","BTC_4_732448.4334","nbk","correct",84
1,0.765887,2,2,2,1,NA,"233","BTC_4_732448.4334","intf","correct",85
1,0.487147,2,2,1,1,0,"020","BTC_4_732448.4334","nbk","correct",86
1,0.753083,3,3,1,0,0,"003","BTC_4_732448.4334","nbk","correct",87
0,0.976621,2,1,1,0,1,"XXX","BTC_4_732448.4334","nbk","wrong",88
0,0.879943,3,2,1,0,1,"XXX","BTC_4_732448.4334","nbk","wrong",89
1,0.575522,3,3,1,0,0,"003","BTC_4_732448.4334","nbk","correct",90
-1,Inf,0,3,2,1,NA,"131","BTC_4_732448.4334","intf","noresp",91
1,0.698029,1,1,2,0,NA,"313","BTC_4_732448.4334","intf","correct",92
1,0.653391,3,3,2,0,NA,"322","BTC_4_732448.4334","intf","correct",93
1,0.526116,1,1,2,0,NA,"221","BTC_4_732448.4334","intf","correct",94
1,0.623869,3,3,2,0,NA,"322","BTC_4_732448.4334","intf","correct",95
1,0.779727,3,3,2,0,NA,"131","BTC_4_732448.4334","intf","correct",96
1,0.56611,3,3,2,0,NA,"322","BTC_4_732448.4334","intf","correct",97
1,0.812001,2,2,2,0,NA,"112","BTC_4_732448.4334","intf","correct",98
1,0.464698,3,3,2,0,NA,"131","BTC_4_732448.4334","intf","correct",99
1,0.816447,2,2,2,0,NA,"112","BTC_4_732448.4334","intf","correct",100
1,0.655535,3,3,2,0,NA,"322","BTC_4_732448.4334","intf","correct",101
1,0.586786,3,3,2,0,NA,"131","BTC_4_732448.4334","intf","correct",102
1,0.655839,1,1,2,0,NA,"221","BTC_4_732448.4334","intf","correct",103
1,0.464234,3,3,2,0,NA,"322","BTC_4_732448.4334","intf","correct",104
1,0.634666,3,3,2,0,NA,"322","BTC_4_732448.4334","intf","correct",105
1,0.794928,2,2,2,0,NA,"112","BTC_4_732448.4334","intf","correct",106
0,0.927752,2,1,2,0,NA,"313","BTC_4_732448.4334","intf","wrong",107
1,0.567588,1,1,3,1,NA,"100","BTC_4_732448.4334","cngr","correct",108
1,0.531323,2,2,3,0,NA,"020","BTC_4_732448.4334","cngr","correct",109
1,0.519548,3,3,3,0,NA,"003","BTC_4_732448.4334","cngr","correct",110
1,0.464829,1,1,3,0,NA,"100","BTC_4_732448.4334","cngr","correct",111
1,0.528575,2,2,3,0,NA,"020","BTC_4_732448.4334","cngr","correct",112
1,0.491835,3,3,3,0,NA,"003","BTC_4_732448.4334","cngr","correct",113
1,0.405614,1,1,3,0,NA,"100","BTC_4_732448.4334","cngr","correct",114
1,0.810974,2,2,2,1,NA,"112","BTC_4_732448.4334","intf","correct",115
1,0.780283,2,2,2,0,NA,"233","BTC_4_732448.4334","intf","correct",116
1,0.754896,2,2,2,0,NA,"112","BTC_4_732448.4334","intf","correct",117
1,0.661559,2,2,2,0,NA,"233","BTC_4_732448.4334","intf","correct",118
1,0.788692,2,2,3,1,NA,"020","BTC_4_732448.4334","cngr","correct",119
1,0.503986,3,3,3,0,NA,"003","BTC_4_732448.4334","cngr","correct",120
1,0.531508,3,3,1,0,0,"003","BTC_4_732963.6212","nbk","correct",1
1,0.50186,2,2,1,0,0,"020","BTC_4_732963.6212","nbk","correct",2
-1,Inf,0,2,2,1,NA,"112","BTC_4_732963.6212","intf","noresp",3
1,0.715887,3,3,2,0,NA,"322","BTC_4_732963.6212","intf","correct",4
1,0.541845,2,2,2,0,NA,"112","BTC_4_732963.6212","intf","correct",5
1,0.769399,1,1,2,0,NA,"313","BTC_4_732963.6212","intf","correct",6
0,0.616162,2,3,2,0,NA,"131","BTC_4_732963.6212","intf","wrong",7
1,0.503146,2,2,3,1,NA,"020","BTC_4_732963.6212","cngr","correct",8
1,0.514093,3,3,3,0,NA,"003","BTC_4_732963.6212","cngr","correct",9
1,0.851235,2,2,2,1,NA,"233","BTC_4_732963.6212","intf","correct",10
1,0.595115,3,3,2,0,NA,"131","BTC_4_732963.6212","intf","correct",11
1,0.576131,2,2,2,0,NA,"233","BTC_4_732963.6212","intf","correct",12
1,0.73324,2,2,2,0,NA,"112","BTC_4_732963.6212","intf","correct",13
1,0.94488,1,1,2,0,NA,"313","BTC_4_732963.6212","intf","correct",14
1,0.825104,3,3,2,0,NA,"322","BTC_4_732963.6212","intf","correct",15
1,0.603662,2,2,2,0,NA,"112","BTC_4_732963.6212","intf","correct",16
1,0.723131,1,1,2,0,NA,"313","BTC_4_732963.6212","intf","correct",17
1,0.65675,2,2,2,0,NA,"233","BTC_4_732963.6212","intf","correct",18
1,0.79783,2,2,2,0,NA,"112","BTC_4_732963.6212","intf","correct",19
1,0.698328,3,3,2,0,NA,"322","BTC_4_732963.6212","intf","correct",20
1,0.71007,2,2,2,0,NA,"112","BTC_4_732963.6212","intf","correct",21
1,0.607264,2,2,1,1,0,"020","BTC_4_732963.6212","nbk","correct",22
1,0.542828,1,1,1,0,0,"100","BTC_4_732963.6212","nbk","correct",23
1,0.492187,3,3,3,1,NA,"003","BTC_4_732963.6212","cngr","correct",24
1,0.480665,2,2,3,0,NA,"020","BTC_4_732963.6212","cngr","correct",25
1,0.564322,2,2,3,0,NA,"020","BTC_4_732963.6212","cngr","correct",26
1,0.449667,1,1,3,0,NA,"100","BTC_4_732963.6212","cngr","correct",27
1,0.428079,2,2,1,1,0,"020","BTC_4_732963.6212","nbk","correct",28
1,0.540783,3,3,1,0,0,"003","BTC_4_732963.6212","nbk","correct",29
-1,Inf,0,3,2,1,NA,"131","BTC_4_732963.6212","intf","noresp",30
1,0.679741,1,1,2,0,NA,"313","BTC_4_732963.6212","intf","correct",31
1,0.624615,1,1,2,0,NA,"221","BTC_4_732963.6212","intf","correct",32
1,0.332217,3,3,3,1,NA,"003","BTC_4_732963.6212","cngr","correct",33
0,0.293051,3,1,3,0,NA,"100","BTC_4_732963.6212","cngr","wrong",34
1,0.48707,2,2,3,0,NA,"020","BTC_4_732963.6212","cngr","correct",35
1,0.541377,1,1,3,0,NA,"100","BTC_4_732963.6212","cngr","correct",36
1,0.466573,2,2,3,0,NA,"020","BTC_4_732963.6212","cngr","correct",37
1,0.428536,1,1,3,0,NA,"100","BTC_4_732963.6212","cngr","correct",38
1,0.409447,1,1,3,0,NA,"100","BTC_4_732963.6212","cngr","correct",39
1,0.522929,3,3,3,0,NA,"003","BTC_4_732963.6212","cngr","correct",40
1,0.479567,1,1,3,0,NA,"100","BTC_4_732963.6212","cngr","correct",41
1,0.476496,1,1,3,0,NA,"100","BTC_4_732963.6212","cngr","correct",42
1,0.410643,2,2,3,0,NA,"020","BTC_4_732963.6212","cngr","correct",43
1,0.679948,1,1,2,1,NA,"313","BTC_4_732963.6212","intf","correct",44
1,0.651404,1,1,2,0,NA,"221","BTC_4_732963.6212","intf","correct",45
1,0.529446,1,1,2,0,NA,"313","BTC_4_732963.6212","intf","correct",46
1,0.654218,2,2,2,0,NA,"233","BTC_4_732963.6212","intf","correct",47
1,0.490319,1,1,2,0,NA,"221","BTC_4_732963.6212","intf","correct",48
1,0.541049,1,1,3,1,NA,"100","BTC_4_732963.6212","cngr","correct",49
1,0.521332,2,2,3,0,NA,"020","BTC_4_732963.6212","cngr","correct",50
1,0.497411,2,2,1,1,0,"020","BTC_4_732963.6212","nbk","correct",51
1,0.562416,3,3,1,0,0,"003","BTC_4_732963.6212","nbk","correct",52
1,0.522853,1,1,1,0,0,"100","BTC_4_732963.6212","nbk","correct",53
1,0.573916,1,1,1,0,0,"100","BTC_4_732963.6212","nbk","correct",54
1,0.568398,3,3,1,0,0,"003","BTC_4_732963.6212","nbk","correct",55
1,0.457978,2,2,1,0,0,"020","BTC_4_732963.6212","nbk","correct",56
1,0.454027,2,2,1,0,0,"020","BTC_4_732963.6212","nbk","correct",57
1,0.466693,2,2,1,0,1,"XXX","BTC_4_732963.6212","nbk","correct",58
1,0.538745,2,2,3,1,NA,"020","BTC_4_732963.6212","cngr","correct",59
1,0.407757,2,2,3,0,NA,"020","BTC_4_732963.6212","cngr","correct",60
1,0.56734,3,3,3,0,NA,"003","BTC_4_732963.6212","cngr","correct",61
1,0.455074,3,3,3,0,NA,"003","BTC_4_732963.6212","cngr","correct",62
1,0.4738,2,2,3,0,NA,"020","BTC_4_732963.6212","cngr","correct",63
1,0.458498,3,3,3,0,NA,"003","BTC_4_732963.6212","cngr","correct",64
1,0.4671,1,1,3,0,NA,"100","BTC_4_732963.6212","cngr","correct",65
1,0.382621,1,1,3,0,NA,"100","BTC_4_732963.6212","cngr","correct",66
1,0.473421,1,1,3,0,NA,"100","BTC_4_732963.6212","cngr","correct",67
1,0.68883,1,1,2,1,NA,"221","BTC_4_732963.6212","intf","correct",68
-1,Inf,0,2,2,0,NA,"233","BTC_4_732963.6212","intf","noresp",69
1,0.754722,3,3,2,0,NA,"322","BTC_4_732963.6212","intf","correct",70
1,0.541923,3,3,2,0,NA,"322","BTC_4_732963.6212","intf","correct",71
1,0.968956,1,1,2,0,NA,"313","BTC_4_732963.6212","intf","correct",72
1,0.578716,3,3,2,0,NA,"322","BTC_4_732963.6212","intf","correct",73
1,0.382217,1,1,3,1,NA,"100","BTC_4_732963.6212","cngr","correct",74
1,0.454027,3,3,3,0,NA,"003","BTC_4_732963.6212","cngr","correct",75
1,0.357237,3,3,3,0,NA,"003","BTC_4_732963.6212","cngr","correct",76
1,0.400663,2,2,3,0,NA,"020","BTC_4_732963.6212","cngr","correct",77
1,0.497122,1,1,3,0,NA,"100","BTC_4_732963.6212","cngr","correct",78
1,0.447583,3,3,3,0,NA,"003","BTC_4_732963.6212","cngr","correct",79
1,0.413201,1,1,3,0,NA,"100","BTC_4_732963.6212","cngr","correct",80
1,0.554447,3,3,3,0,NA,"003","BTC_4_732963.6212","cngr","correct",81
1,0.432141,2,2,1,1,0,"020","BTC_4_732963.6212","nbk","correct",82
1,0.500141,3,3,1,0,0,"003","BTC_4_732963.6212","nbk","correct",83
1,0.550273,1,1,1,0,0,"100","BTC_4_732963.6212","nbk","correct",84
0,0.884126,3,1,1,0,1,"XXX","BTC_4_732963.6212","nbk","wrong",85
1,0.539769,2,2,1,0,0,"020","BTC_4_732963.6212","nbk","correct",86
1,0.365493,1,1,1,0,0,"100","BTC_4_732963.6212","nbk","correct",87
-1,Inf,0,3,1,0,1,"XXX","BTC_4_732963.6212","nbk","noresp",88
1,0.457457,2,2,1,0,0,"020","BTC_4_732963.6212","nbk","correct",89
1,0.457662,1,1,1,0,0,"100","BTC_4_732963.6212","nbk","correct",90
1,0.547692,1,1,1,0,0,"100","BTC_4_732963.6212","nbk","correct",91
1,0.622351,3,3,1,0,0,"003","BTC_4_732963.6212","nbk","correct",92
-1,Inf,0,3,1,0,1,"XXX","BTC_4_732963.6212","nbk","noresp",93
1,0.769657,1,1,2,1,NA,"221","BTC_4_732963.6212","intf","correct",94
1,0.784373,3,3,2,0,NA,"131","BTC_4_732963.6212","intf","correct",95
1,0.697265,2,2,2,0,NA,"233","BTC_4_732963.6212","intf","correct",96
1,0.804939,3,3,2,0,NA,"131","BTC_4_732963.6212","intf","correct",97
1,0.622476,1,1,2,0,NA,"221","BTC_4_732963.6212","intf","correct",98
1,0.466825,3,3,1,1,0,"003","BTC_4_732963.6212","nbk","correct",99
1,0.614564,1,1,2,1,NA,"221","BTC_4_732963.6212","intf","correct",100
1,0.724421,2,2,2,0,NA,"233","BTC_4_732963.6212","intf","correct",101
1,0.607372,3,3,2,0,NA,"131","BTC_4_732963.6212","intf","correct",102
1,0.491086,1,1,1,1,0,"100","BTC_4_732963.6212","nbk","correct",103
1,0.452099,2,2,1,0,0,"020","BTC_4_732963.6212","nbk","correct",104
-1,Inf,0,3,1,0,1,"XXX","BTC_4_732963.6212","nbk","noresp",105
1,0.460717,2,2,3,1,NA,"020","BTC_4_732963.6212","cngr","correct",106
1,0.539458,3,3,3,0,NA,"003","BTC_4_732963.6212","cngr","correct",107
1,0.482764,1,1,1,1,0,"100","BTC_4_732963.6212","nbk","correct",108
1,0.447096,1,1,1,0,0,"100","BTC_4_732963.6212","nbk","correct",109
0,0.826262,1,3,1,0,1,"XXX","BTC_4_732963.6212","nbk","wrong",110
0,0.703085,1,2,1,0,1,"XXX","BTC_4_732963.6212","nbk","wrong",111
1,0.547323,1,1,1,0,0,"100","BTC_4_732963.6212","nbk","correct",112
1,0.491778,3,3,1,0,0,"003","BTC_4_732963.6212","nbk","correct",113
1,0.83912,1,1,1,0,1,"XXX","BTC_4_732963.6212","nbk","correct",114
1,0.506512,3,3,1,0,0,"003","BTC_4_732963.6212","nbk","correct",115
1,0.413945,3,3,1,0,0,"003","BTC_4_732963.6212","nbk","correct",116
0,0.460996,3,2,1,0,1,"XXX","BTC_4_732963.6212","nbk","wrong",117
1,0.440931,2,2,3,1,NA,"020","BTC_4_732963.6212","cngr","correct",118
1,0.480199,3,3,3,0,NA,"003","BTC_4_732963.6212","cngr","correct",119
0,0.847635,1,3,2,1,NA,"131","BTC_4_732963.6212","intf","wrong",120
1,0.900234,3,3,1,0,0,"003","DM_1_1419004666.92","nbk","correct",1
1,0.749559,1,1,1,0,0,"100","DM_1_1419004666.92","nbk","correct",2
1,0.639625,3,3,1,0,0,"003","DM_1_1419004666.92","nbk","correct",3
1,0.550337,3,3,1,0,0,"003","DM_1_1419004666.92","nbk","correct",4
1,0.596961,2,2,1,0,0,"020","DM_1_1419004666.92","nbk","correct",5
1,0.523501,2,2,1,0,0,"020","DM_1_1419004666.92","nbk","correct",6
1,0.808041,2,2,1,0,1,"XXX","DM_1_1419004666.92","nbk","correct",7
1,0.598377,3,3,1,0,0,"003","DM_1_1419004666.92","nbk","correct",8
0,0.782762,3,2,1,0,1,"XXX","DM_1_1419004666.92","nbk","wrong",9
1,0.534805,3,3,1,0,0,"003","DM_1_1419004666.92","nbk","correct",10
0,0.735697,3,2,1,0,1,"XXX","DM_1_1419004666.92","nbk","wrong",11
1,0.510102,1,1,1,0,0,"100","DM_1_1419004666.92","nbk","correct",12
1,0.562271,3,3,1,0,0,"003","DM_1_1419004666.92","nbk","correct",13
0,0.685468,3,1,1,0,1,"XXX","DM_1_1419004666.92","nbk","wrong",14
1,0.489796,3,3,1,0,0,"003","DM_1_1419004666.92","nbk","correct",15
1,0.489594,1,1,1,0,0,"100","DM_1_1419004666.92","nbk","correct",16
0,0.785171,1,3,1,0,1,"XXX","DM_1_1419004666.92","nbk","wrong",17
1,0.503913,2,2,1,0,0,"020","DM_1_1419004666.92","nbk","correct",18
0,0.676844,2,3,1,0,1,"XXX","DM_1_1419004666.92","nbk","wrong",19
1,0.545963,2,2,1,0,0,"020","DM_1_1419004666.92","nbk","correct",20
0,0.508125,2,3,1,0,1,"XXX","DM_1_1419004666.92","nbk","wrong",21
1,0.47782,3,3,1,0,0,"003","DM_1_1419004666.92","nbk","correct",22
1,0.572382,2,2,1,0,0,"020","DM_1_1419004666.92","nbk","correct",23
1,0.54111,1,1,1,0,0,"100","DM_1_1419004666.92","nbk","correct",24
1,0.630765,1,1,1,0,0,"100","DM_1_1419004666.92","nbk","correct",25
1,0.550856,3,3,1,0,0,"003","DM_1_1419004666.92","nbk","correct",26
1,0.504548,3,3,1,0,0,"003","DM_1_1419004666.92","nbk","correct",27
1,0.569187,1,1,1,0,0,"100","DM_1_1419004666.92","nbk","correct",28
1,0.496684,1,1,1,0,0,"100","DM_1_1419004666.92","nbk","correct",29
1,0.532331,2,2,1,0,0,"020","DM_1_1419004666.92","nbk","correct",30
0,0.66526,2,1,1,0,1,"XXX","DM_1_1419004666.92","nbk","wrong",31
1,0.499139,1,1,1,0,0,"100","DM_1_1419004666.92","nbk","correct",32
1,0.394113,1,1,1,0,0,"100","DM_1_1419004666.92","nbk","correct",33
1,0.480035,1,1,1,0,0,"100","DM_1_1419004666.92","nbk","correct",34
1,0.528112,2,2,1,0,0,"020","DM_1_1419004666.92","nbk","correct",35
1,0.467519,2,2,1,0,0,"020","DM_1_1419004666.92","nbk","correct",36
1,0.447351,2,2,1,0,0,"020","DM_1_1419004666.92","nbk","correct",37
1,0.51066,1,1,1,0,0,"100","DM_1_1419004666.92","nbk","correct",38
1,0.450763,2,2,1,0,0,"020","DM_1_1419004666.92","nbk","correct",39
1,0.417373,2,2,1,0,0,"020","DM_1_1419004666.92","nbk","correct",40
-1,Inf,0,2,2,0,NA,"233","DM_2_1419004843.783","intf","noresp",1
0,0.823507,2,1,2,0,NA,"313","DM_2_1419004843.783","intf","wrong",2
-1,Inf,0,3,2,0,NA,"131","DM_2_1419004843.783","intf","noresp",3
0,0.644938,3,2,2,0,NA,"112","DM_2_1419004843.783","intf","wrong",4
0,0.623209,1,3,2,0,NA,"322","DM_2_1419004843.783","intf","wrong",5
0,0.57854,3,2,2,0,NA,"112","DM_2_1419004843.783","intf","wrong",6
0,0.747175,3,2,2,0,NA,"112","DM_2_1419004843.783","intf","wrong",7
0,0.478261,2,1,2,0,NA,"313","DM_2_1419004843.783","intf","wrong",8
0,0.573516,1,3,2,0,NA,"322","DM_2_1419004843.783","intf","wrong",9
0,0.492803,3,1,2,0,NA,"221","DM_2_1419004843.783","intf","wrong",10
0,0.575393,1,3,2,0,NA,"322","DM_2_1419004843.783","intf","wrong",11
0,0.487219,2,1,2,0,NA,"313","DM_2_1419004843.783","intf","wrong",12
0,0.705511,1,2,2,0,NA,"233","DM_2_1419004843.783","intf","wrong",13
0,0.63835,2,3,2,0,NA,"131","DM_2_1419004843.783","intf","wrong",14
0,0.55881,3,2,2,0,NA,"112","DM_2_1419004843.783","intf","wrong",15
0,0.494412,2,1,2,0,NA,"313","DM_2_1419004843.783","intf","wrong",16
0,0.523319,3,1,2,0,NA,"221","DM_2_1419004843.783","intf","wrong",17
0,0.597809,1,3,2,0,NA,"322","DM_2_1419004843.783","intf","wrong",18
0,0.606892,3,2,2,0,NA,"112","DM_2_1419004843.783","intf","wrong",19
0,0.591484,1,3,2,0,NA,"322","DM_2_1419004843.783","intf","wrong",20
0,0.683874,2,3,2,0,NA,"131","DM_2_1419004843.783","intf","wrong",21
0,0.917255,2,3,2,0,NA,"131","DM_2_1419004843.783","intf","wrong",22
0,0.507034,1,3,2,0,NA,"322","DM_2_1419004843.783","intf","wrong",23
0,0.452909,3,1,2,0,NA,"221","DM_2_1419004843.783","intf","wrong",24
0,0.533804,3,1,2,0,NA,"221","DM_2_1419004843.783","intf","wrong",25
0,0.472005,1,2,2,0,NA,"233","DM_2_1419004843.783","intf","wrong",26
0,0.498741,2,1,2,0,NA,"313","DM_2_1419004843.783","intf","wrong",27
0,0.491342,1,2,2,0,NA,"233","DM_2_1419004843.783","intf","wrong",28
0,0.524601,3,2,2,0,NA,"112","DM_2_1419004843.783","intf","wrong",29
0,0.544352,3,2,2,0,NA,"112","DM_2_1419004843.783","intf","wrong",30
0,0.445357,2,1,2,0,NA,"313","DM_2_1419004843.783","intf","wrong",31
0,0.391172,2,1,2,0,NA,"313","DM_2_1419004843.783","intf","wrong",32
0,0.557328,1,2,2,0,NA,"233","DM_2_1419004843.783","intf","wrong",33
0,0.766473,1,3,2,0,NA,"322","DM_2_1419004843.783","intf","wrong",34
0,0.537776,2,3,2,0,NA,"131","DM_2_1419004843.783","intf","wrong",35
0,0.52048,3,1,2,0,NA,"221","DM_2_1419004843.783","intf","wrong",36
0,0.558915,1,2,2,0,NA,"233","DM_2_1419004843.783","intf","wrong",37
0,0.516701,3,1,2,0,NA,"221","DM_2_1419004843.783","intf","wrong",38
0,0.45096,2,1,2,0,NA,"313","DM_2_1419004843.783","intf","wrong",39
0,0.485716,1,3,2,0,NA,"322","DM_2_1419004843.783","intf","wrong",40
1,0.959647,2,2,2,0,NA,"233","DM_2_1419005197.927","intf","correct",1
-1,Inf,0,3,2,0,NA,"131","DM_2_1419005197.927","intf","noresp",2
1,0.7834,1,1,2,0,NA,"221","DM_2_1419005197.927","intf","correct",3
1,0.862574,2,2,2,0,NA,"112","DM_2_1419005197.927","intf","correct",4
1,0.753653,3,3,2,0,NA,"322","DM_2_1419005197.927","intf","correct",5
0,0.76507,2,1,2,0,NA,"313","DM_2_1419005197.927","intf","wrong",6
-1,Inf,0,2,2,0,NA,"112","DM_2_1419005197.927","intf","noresp",7
1,0.684899,3,3,2,0,NA,"322","DM_2_1419005197.927","intf","correct",8
1,0.802711,1,1,2,0,NA,"313","DM_2_1419005197.927","intf","correct",9
1,0.781841,3,3,2,0,NA,"131","DM_2_1419005197.927","intf","correct",10
1,0.903809,1,1,2,0,NA,"221","DM_2_1419005197.927","intf","correct",11
1,0.627836,3,3,2,0,NA,"322","DM_2_1419005197.927","intf","correct",12
1,0.608653,1,1,2,0,NA,"313","DM_2_1419005197.927","intf","correct",13
1,0.661101,1,1,2,0,NA,"221","DM_2_1419005197.927","intf","correct",14
1,0.697344,2,2,2,0,NA,"233","DM_2_1419005197.927","intf","correct",15
1,0.743328,3,3,2,0,NA,"322","DM_2_1419005197.927","intf","correct",16
1,0.990361,1,1,2,0,NA,"313","DM_2_1419005197.927","intf","correct",17
0,0.877712,3,2,2,0,NA,"112","DM_2_1419005197.927","intf","wrong",18
1,0.746401,3,3,2,0,NA,"322","DM_2_1419005197.927","intf","correct",19
0,0.989957,2,3,2,0,NA,"131","DM_2_1419005197.927","intf","wrong",20
1,0.879342,2,2,2,0,NA,"112","DM_2_1419005197.927","intf","correct",21
1,0.931645,1,1,2,0,NA,"313","DM_2_1419005197.927","intf","correct",22
1,0.837472,2,2,2,0,NA,"112","DM_2_1419005197.927","intf","correct",23
1,0.693314,3,3,2,0,NA,"322","DM_2_1419005197.927","intf","correct",24
0,0.985693,1,3,2,0,NA,"322","DM_2_1419005197.927","intf","wrong",25
-1,Inf,0,3,2,0,NA,"131","DM_2_1419005197.927","intf","noresp",26
1,0.729772,1,1,2,0,NA,"221","DM_2_1419005197.927","intf","correct",27
1,0.904032,2,2,2,0,NA,"112","DM_2_1419005197.927","intf","correct",28
1,0.80434,3,3,2,0,NA,"131","DM_2_1419005197.927","intf","correct",29
1,0.773066,1,1,2,0,NA,"221","DM_2_1419005197.927","intf","correct",30
1,0.848319,1,1,2,0,NA,"313","DM_2_1419005197.927","intf","correct",31
1,0.709531,3,3,2,0,NA,"322","DM_2_1419005197.927","intf","correct",32
1,0.814156,2,2,2,0,NA,"233","DM_2_1419005197.927","intf","correct",33
1,0.605534,1,1,2,0,NA,"221","DM_2_1419005197.927","intf","correct",34
-1,Inf,0,2,2,0,NA,"233","DM_2_1419005197.927","intf","noresp",35
1,0.730645,1,1,2,0,NA,"313","DM_2_1419005197.927","intf","correct",36
1,0.812103,2,2,2,0,NA,"112","DM_2_1419005197.927","intf","correct",37
-1,Inf,0,1,2,0,NA,"313","DM_2_1419005197.927","intf","noresp",38
1,0.698307,2,2,2,0,NA,"233","DM_2_1419005197.927","intf","correct",39
1,0.836233,2,2,2,0,NA,"233","DM_2_1419005197.927","intf","correct",40
1,0.605447,2,2,1,0,0,"020","DM_4_1419005499.289","nbk","correct",1
1,0.589008,3,3,1,0,0,"003","DM_4_1419005499.289","nbk","correct",2
1,0.450842,3,3,3,1,NA,"003","DM_4_1419005499.289","cngr","correct",3
1,0.432121,3,3,3,0,NA,"003","DM_4_1419005499.289","cngr","correct",4
1,0.420216,2,2,3,0,NA,"020","DM_4_1419005499.289","cngr","correct",5
1,0.423719,3,3,3,0,NA,"003","DM_4_1419005499.289","cngr","correct",6
1,0.383873,2,2,3,0,NA,"020","DM_4_1419005499.289","cngr","correct",7
1,0.416431,1,1,3,0,NA,"100","DM_4_1419005499.289","cngr","correct",8
1,0.431272,3,3,3,0,NA,"003","DM_4_1419005499.289","cngr","correct",9
1,0.388219,2,2,3,0,NA,"020","DM_4_1419005499.289","cngr","correct",10
1,0.452854,1,1,3,0,NA,"100","DM_4_1419005499.289","cngr","correct",11
-1,Inf,0,2,2,1,NA,"112","DM_4_1419005499.289","intf","noresp",12
1,0.438928,3,3,3,1,NA,"003","DM_4_1419005499.289","cngr","correct",13
1,0.447155,3,3,3,0,NA,"003","DM_4_1419005499.289","cngr","correct",14
1,0.431424,3,3,3,0,NA,"003","DM_4_1419005499.289","cngr","correct",15
1,0.515268,2,2,3,0,NA,"020","DM_4_1419005499.289","cngr","correct",16
1,0.487412,1,1,3,0,NA,"100","DM_4_1419005499.289","cngr","correct",17
1,0.42177,1,1,3,0,NA,"100","DM_4_1419005499.289","cngr","correct",18
1,0.456164,2,2,1,1,0,"020","DM_4_1419005499.289","nbk","correct",19
1,0.469532,1,1,1,0,0,"100","DM_4_1419005499.289","nbk","correct",20
1,0.433366,1,1,1,0,0,"100","DM_4_1419005499.289","nbk","correct",21
1,0.66068,1,1,1,0,1,"XXX","DM_4_1419005499.289","nbk","correct",22
1,0.756089,1,1,1,0,1,"XXX","DM_4_1419005499.289","nbk","correct",23
1,0.489108,1,1,1,0,0,"100","DM_4_1419005499.289","nbk","correct",24
1,0.413657,2,2,3,1,NA,"020","DM_4_1419005499.289","cngr","correct",25
-1,Inf,0,3,2,1,NA,"322","DM_4_1419005499.289","intf","noresp",26
1,0.956317,3,3,2,0,NA,"131","DM_4_1419005499.289","intf","correct",27
1,0.769183,3,3,2,0,NA,"131","DM_4_1419005499.289","intf","correct",28
1,0.794191,3,3,2,0,NA,"322","DM_4_1419005499.289","intf","correct",29
1,0.689471,1,1,2,0,NA,"221","DM_4_1419005499.289","intf","correct",30
1,0.717587,2,2,2,0,NA,"112","DM_4_1419005499.289","intf","correct",31
1,0.484951,2,2,1,1,0,"020","DM_4_1419005499.289","nbk","correct",32
1,0.521721,1,1,1,0,0,"100","DM_4_1419005499.289","nbk","correct",33
0,0.677044,1,2,1,0,1,"XXX","DM_4_1419005499.289","nbk","wrong",34
1,0.785341,1,1,3,1,NA,"100","DM_4_1419005499.289","cngr","correct",35
1,0.426507,1,1,3,0,NA,"100","DM_4_1419005499.289","cngr","correct",36
1,0.434175,2,2,3,0,NA,"020","DM_4_1419005499.289","cngr","correct",37
1,0.489723,2,2,1,1,0,"020","DM_4_1419005499.289","nbk","correct",38
1,0.488803,2,2,1,0,0,"020","DM_4_1419005499.289","nbk","correct",39
1,0.48019,2,2,1,0,0,"020","DM_4_1419005499.289","nbk","correct",40
1,0.650319,2,2,1,0,1,"XXX","DM_4_1419005499.289","nbk","correct",41
1,0.419411,1,1,1,0,0,"100","DM_4_1419005499.289","nbk","correct",42
1,0.41223,1,1,1,0,0,"100","DM_4_1419005499.289","nbk","correct",43
0,0.609597,1,2,1,0,1,"XXX","DM_4_1419005499.289","nbk","wrong",44
1,0.595245,3,3,1,0,0,"003","DM_4_1419005499.289","nbk","correct",45
1,0.451149,3,3,1,0,0,"003","DM_4_1419005499.289","nbk","correct",46
1,0.529614,3,3,1,0,1,"XXX","DM_4_1419005499.289","nbk","correct",47
1,0.857966,2,2,2,1,NA,"233","DM_4_1419005499.289","intf","correct",48
1,0.84715,1,1,2,0,NA,"313","DM_4_1419005499.289","intf","correct",49
1,0.488591,1,1,1,1,0,"100","DM_4_1419005499.289","nbk","correct",50
1,0.432268,1,1,1,0,0,"100","DM_4_1419005499.289","nbk","correct",51
0,0.609828,1,3,1,0,1,"XXX","DM_4_1419005499.289","nbk","wrong",52
0,0.617435,1,2,1,0,1,"XXX","DM_4_1419005499.289","nbk","wrong",53
1,0.556198,3,3,1,0,0,"003","DM_4_1419005499.289","nbk","correct",54
1,0.504813,2,2,1,0,0,"020","DM_4_1419005499.289","nbk","correct",55
1,0.434216,2,2,1,0,0,"020","DM_4_1419005499.289","nbk","correct",56
1,0.882314,2,2,2,1,NA,"112","DM_4_1419005499.289","intf","correct",57
1,0.727823,1,1,2,0,NA,"313","DM_4_1419005499.289","intf","correct",58
1,0.745971,1,1,2,0,NA,"221","DM_4_1419005499.289","intf","correct",59
1,0.753677,1,1,2,0,NA,"313","DM_4_1419005499.289","intf","correct",60
1,0.430451,1,1,1,1,0,"100","DM_4_1419005499.289","nbk","correct",61
1,0.504425,3,3,1,0,0,"003","DM_4_1419005499.289","nbk","correct",62
0,0.405377,3,1,1,0,1,"XXX","DM_4_1419005499.289","nbk","wrong",63
0,0.585578,3,1,1,0,1,"XXX","DM_4_1419005499.289","nbk","wrong",64
1,0.472363,3,3,1,0,0,"003","DM_4_1419005499.289","nbk","correct",65
1,0.419235,2,2,1,0,0,"020","DM_4_1419005499.289","nbk","correct",66
1,0.751698,3,3,2,1,NA,"322","DM_4_1419005499.289","intf","correct",67
1,0.722904,1,1,2,0,NA,"313","DM_4_1419005499.289","intf","correct",68
1,0.618161,1,1,2,0,NA,"221","DM_4_1419005499.289","intf","correct",69
1,0.806263,3,3,2,0,NA,"322","DM_4_1419005499.289","intf","correct",70
0,0.845009,1,2,2,0,NA,"233","DM_4_1419005499.289","intf","wrong",71
1,0.721098,3,3,2,0,NA,"322","DM_4_1419005499.289","intf","correct",72
1,0.926753,2,2,2,0,NA,"112","DM_4_1419005499.289","intf","correct",73
1,0.435511,3,3,1,1,0,"003","DM_4_1419005499.289","nbk","correct",74
1,0.450897,3,3,1,0,0,"003","DM_4_1419005499.289","nbk","correct",75
1,0.586216,3,3,1,0,1,"XXX","DM_4_1419005499.289","nbk","correct",76
1,0.552536,2,2,1,0,0,"020","DM_4_1419005499.289","nbk","correct",77
1,0.449246,3,3,1,0,0,"003","DM_4_1419005499.289","nbk","correct",78
1,0.450068,2,2,3,1,NA,"020","DM_4_1419005499.289","cngr","correct",79
1,0.384532,2,2,3,0,NA,"020","DM_4_1419005499.289","cngr","correct",80
1,0.456906,3,3,3,0,NA,"003","DM_4_1419005499.289","cngr","correct",81
1,0.370292,1,1,3,0,NA,"100","DM_4_1419005499.289","cngr","correct",82
1,0.429402,1,1,3,0,NA,"100","DM_4_1419005499.289","cngr","correct",83
1,0.458622,3,3,3,0,NA,"003","DM_4_1419005499.289","cngr","correct",84
0,0.780798,2,3,2,1,NA,"131","DM_4_1419005499.289","intf","wrong",85
1,0.741396,3,3,3,1,NA,"003","DM_4_1419005499.289","cngr","correct",86
-1,Inf,0,3,3,0,NA,"003","DM_4_1419005499.289","cngr","noresp",87
1,0.424383,2,2,3,0,NA,"020","DM_4_1419005499.289","cngr","correct",88
1,0.430782,1,1,1,1,0,"100","DM_4_1419005499.289","nbk","correct",89
1,0.817605,3,3,2,1,NA,"322","DM_4_1419005499.289","intf","correct",90
1,0.829694,2,2,2,0,NA,"112","DM_4_1419005499.289","intf","correct",91
1,0.70457,2,2,2,0,NA,"112","DM_4_1419005499.289","intf","correct",92
1,0.795014,3,3,2,0,NA,"131","DM_4_1419005499.289","intf","correct",93
1,0.567009,3,3,2,0,NA,"131","DM_4_1419005499.289","intf","correct",94
1,0.727274,1,1,2,0,NA,"221","DM_4_1419005499.289","intf","correct",95
0,0.880515,3,1,2,0,NA,"313","DM_4_1419005499.289","intf","wrong",96
1,0.643929,2,2,2,0,NA,"233","DM_4_1419005499.289","intf","correct",97
1,0.688246,2,2,2,0,NA,"233","DM_4_1419005499.289","intf","correct",98
0,0.911931,3,2,2,0,NA,"112","DM_4_1419005499.289","intf","wrong",99
1,0.684738,1,1,2,0,NA,"313","DM_4_1419005499.289","intf","correct",100
1,0.718865,3,3,2,0,NA,"322","DM_4_1419005499.289","intf","correct",101
1,0.378474,1,1,3,1,NA,"100","DM_4_1419005499.289","cngr","correct",102
1,0.397038,3,3,3,0,NA,"003","DM_4_1419005499.289","cngr","correct",103
1,0.45635,2,2,3,0,NA,"020","DM_4_1419005499.289","cngr","correct",104
1,0.503385,2,2,3,0,NA,"020","DM_4_1419005499.289","cngr","correct",105
1,0.468651,2,2,3,0,NA,"020","DM_4_1419005499.289","cngr","correct",106
1,0.870307,1,1,2,1,NA,"313","DM_4_1419005499.289","intf","correct",107
1,0.734537,3,3,2,0,NA,"322","DM_4_1419005499.289","intf","correct",108
1,0.869959,2,2,2,0,NA,"112","DM_4_1419005499.289","intf","correct",109
-1,Inf,0,1,2,0,NA,"221","DM_4_1419005499.289","intf","noresp",110
1,0.696309,1,1,2,0,NA,"313","DM_4_1419005499.289","intf","correct",111
1,0.82731,1,1,2,0,NA,"221","DM_4_1419005499.289","intf","correct",112
1,0.973905,2,2,2,0,NA,"233","DM_4_1419005499.289","intf","correct",113
1,0.489469,1,1,3,1,NA,"100","DM_4_1419005499.289","cngr","correct",114
1,0.514303,1,1,3,0,NA,"100","DM_4_1419005499.289","cngr","correct",115
1,0.409905,1,1,3,0,NA,"100","DM_4_1419005499.289","cngr","correct",116
1,0.540151,1,1,3,0,NA,"100","DM_4_1419005499.289","cngr","correct",117
1,0.463693,2,2,3,0,NA,"020","DM_4_1419005499.289","cngr","correct",118
1,0.45109,3,3,3,0,NA,"003","DM_4_1419005499.289","cngr","correct",119
1,0.509019,1,1,3,0,NA,"100","DM_4_1419005499.289","cngr","correct",120
1,0.557131,2,2,3,0,NA,"020","DM_4_1419007530.072","cngr","correct",1
1,0.448458,3,3,3,0,NA,"003","DM_4_1419007530.072","cngr","correct",2
1,0.737914,2,2,1,1,0,"020","DM_4_1419007530.072","nbk","correct",3
1,0.530054,2,2,1,0,0,"020","DM_4_1419007530.072","nbk","correct",4
1,0.483532,1,1,1,0,0,"100","DM_4_1419007530.072","nbk","correct",5
1,0.598733,1,1,1,0,0,"100","DM_4_1419007530.072","nbk","correct",6
1,0.488506,1,1,1,0,0,"100","DM_4_1419007530.072","nbk","correct",7
1,0.47551,1,1,1,0,1,"XXX","DM_4_1419007530.072","nbk","correct",8
1,0.615514,1,1,1,0,0,"100","DM_4_1419007530.072","nbk","correct",9
1,0.571773,3,3,1,0,0,"003","DM_4_1419007530.072","nbk","correct",10
1,0.575298,1,1,1,0,0,"100","DM_4_1419007530.072","nbk","correct",11
1,0.596109,3,3,1,0,0,"003","DM_4_1419007530.072","nbk","correct",12
0,0.402411,1,3,1,0,1,"XXX","DM_4_1419007530.072","nbk","wrong",13
1,0.532524,3,3,1,0,1,"XXX","DM_4_1419007530.072","nbk","correct",14
1,0.598743,2,2,1,0,0,"020","DM_4_1419007530.072","nbk","correct",15
-1,Inf,0,2,2,1,NA,"112","DM_4_1419007530.072","intf","noresp",16
0,0.810068,2,3,2,0,NA,"131","DM_4_1419007530.072","intf","wrong",17
1,0.671024,3,3,2,0,NA,"322","DM_4_1419007530.072","intf","correct",18
0,0.847262,1,2,2,0,NA,"112","DM_4_1419007530.072","intf","wrong",19
0,0.888264,2,1,2,0,NA,"313","DM_4_1419007530.072","intf","wrong",20
1,0.607442,1,1,2,0,NA,"221","DM_4_1419007530.072","intf","correct",21
1,0.672922,1,1,2,0,NA,"313","DM_4_1419007530.072","intf","correct",22
1,0.636572,1,1,2,0,NA,"221","DM_4_1419007530.072","intf","correct",23
1,0.518485,3,3,1,1,0,"003","DM_4_1419007530.072","nbk","correct",24
1,0.507104,2,2,1,0,0,"020","DM_4_1419007530.072","nbk","correct",25
-1,Inf,0,3,1,0,1,"XXX","DM_4_1419007530.072","nbk","noresp",26
0,0.648787,2,3,1,0,1,"XXX","DM_4_1419007530.072","nbk","wrong",27
1,0.653433,3,3,1,0,0,"003","DM_4_1419007530.072","nbk","correct",28
1,0.488539,1,1,1,0,0,"100","DM_4_1419007530.072","nbk","correct",29
1,0.782874,3,3,1,0,0,"003","DM_4_1419007530.072","nbk","correct",30
1,0.478181,1,1,1,0,0,"100","DM_4_1419007530.072","nbk","correct",31
0,0.420119,3,2,1,0,1,"XXX","DM_4_1419007530.072","nbk","wrong",32
1,0.550803,2,2,1,0,0,"020","DM_4_1419007530.072","nbk","correct",33
1,0.84526,3,3,1,0,0,"003","DM_4_1419007530.072","nbk","correct",34
1,0.475163,2,2,1,0,0,"020","DM_4_1419007530.072","nbk","correct",35
0,0.333116,3,1,1,0,1,"XXX","DM_4_1419007530.072","nbk","wrong",36
1,0.604585,2,2,1,0,0,"020","DM_4_1419007530.072","nbk","correct",37
1,0.454249,3,3,1,0,0,"003","DM_4_1419007530.072","nbk","correct",38
1,0.42183,3,3,3,1,NA,"003","DM_4_1419007530.072","cngr","correct",39
1,0.433753,3,3,3,0,NA,"003","DM_4_1419007530.072","cngr","correct",40
1,0.413319,3,3,3,0,NA,"003","DM_4_1419007530.072","cngr","correct",41
1,0.410955,1,1,3,0,NA,"100","DM_4_1419007530.072","cngr","correct",42
1,0.398271,1,1,3,0,NA,"100","DM_4_1419007530.072","cngr","correct",43
1,0.391988,2,2,3,0,NA,"020","DM_4_1419007530.072","cngr","correct",44
1,0.389611,1,1,3,0,NA,"100","DM_4_1419007530.072","cngr","correct",45
1,0.434941,3,3,3,0,NA,"003","DM_4_1419007530.072","cngr","correct",46
1,0.355328,1,1,3,0,NA,"100","DM_4_1419007530.072","cngr","correct",47
1,0.348365,3,3,3,0,NA,"003","DM_4_1419007530.072","cngr","correct",48
1,0.353204,1,1,3,0,NA,"100","DM_4_1419007530.072","cngr","correct",49
1,0.338085,2,2,3,0,NA,"020","DM_4_1419007530.072","cngr","correct",50
1,0.531586,3,3,1,1,0,"003","DM_4_1419007530.072","nbk","correct",51
-1,Inf,0,2,2,1,NA,"233","DM_4_1419007530.072","intf","noresp",52
1,0.726139,3,3,2,0,NA,"322","DM_4_1419007530.072","intf","correct",53
1,0.71887,1,1,2,0,NA,"313","DM_4_1419007530.072","intf","correct",54
1,0.705715,1,1,2,0,NA,"313","DM_4_1419007530.072","intf","correct",55
1,0.591048,2,2,2,0,NA,"233","DM_4_1419007530.072","intf","correct",56
1,0.378073,1,1,3,1,NA,"100","DM_4_1419007530.072","cngr","correct",57
1,0.430575,2,2,3,0,NA,"020","DM_4_1419007530.072","cngr","correct",58
1,0.443467,2,2,3,0,NA,"020","DM_4_1419007530.072","cngr","correct",59
1,0.388374,2,2,3,0,NA,"020","DM_4_1419007530.072","cngr","correct",60
1,0.429934,1,1,1,1,0,"100","DM_4_1419007530.072","nbk","correct",61
1,0.561086,3,3,1,0,0,"003","DM_4_1419007530.072","nbk","correct",62
-1,Inf,0,3,2,1,NA,"322","DM_4_1419007530.072","intf","noresp",63
1,0.895302,3,3,2,0,NA,"322","DM_4_1419007530.072","intf","correct",64
1,0.786928,1,1,1,1,0,"100","DM_4_1419007530.072","nbk","correct",65
1,0.689918,2,2,1,0,0,"020","DM_4_1419007530.072","nbk","correct",66
1,0.408514,1,1,1,0,1,"XXX","DM_4_1419007530.072","nbk","correct",67
1,0.52715,1,1,1,0,0,"100","DM_4_1419007530.072","nbk","correct",68
1,0.452455,3,3,3,1,NA,"003","DM_4_1419007530.072","cngr","correct",69
1,0.398961,1,1,3,0,NA,"100","DM_4_1419007530.072","cngr","correct",70
1,0.411705,2,2,3,0,NA,"020","DM_4_1419007530.072","cngr","correct",71
1,0.399328,1,1,3,0,NA,"100","DM_4_1419007530.072","cngr","correct",72
1,0.443483,1,1,3,0,NA,"100","DM_4_1419007530.072","cngr","correct",73
1,0.529358,3,3,1,1,0,"003","DM_4_1419007530.072","nbk","correct",74
1,0.548294,1,1,1,0,0,"100","DM_4_1419007530.072","nbk","correct",75
1,0.953718,3,3,2,1,NA,"131","DM_4_1419007530.072","intf","correct",76
1,0.717867,2,2,2,0,NA,"112","DM_4_1419007530.072","intf","correct",77
1,0.628971,3,3,2,0,NA,"322","DM_4_1419007530.072","intf","correct",78
1,0.799152,3,3,3,1,NA,"003","DM_4_1419007530.072","cngr","correct",79
1,0.435744,3,3,3,0,NA,"003","DM_4_1419007530.072","cngr","correct",80
1,0.582713,1,1,2,1,NA,"221","DM_4_1419007530.072","intf","correct",81
1,0.860634,1,1,2,0,NA,"221","DM_4_1419007530.072","intf","correct",82
0,0.945436,1,2,2,0,NA,"233","DM_4_1419007530.072","intf","wrong",83
1,0.790162,1,1,2,0,NA,"313","DM_4_1419007530.072","intf","correct",84
1,0.644573,1,1,2,0,NA,"221","DM_4_1419007530.072","intf","correct",85
1,0.659726,3,3,2,0,NA,"131","DM_4_1419007530.072","intf","correct",86
1,0.671304,2,2,1,1,0,"020","DM_4_1419007530.072","nbk","correct",87
1,0.58394,2,2,1,0,0,"020","DM_4_1419007530.072","nbk","correct",88
1,0.527385,2,2,3,1,NA,"020","DM_4_1419007530.072","cngr","correct",89
1,0.473724,1,1,3,0,NA,"100","DM_4_1419007530.072","cngr","correct",90
1,0.429161,1,1,3,0,NA,"100","DM_4_1419007530.072","cngr","correct",91
1,0.405285,2,2,3,0,NA,"020","DM_4_1419007530.072","cngr","correct",92
1,0.756448,2,2,2,1,NA,"112","DM_4_1419007530.072","intf","correct",93
1,0.917472,2,2,2,0,NA,"233","DM_4_1419007530.072","intf","correct",94
1,0.592138,1,1,3,1,NA,"100","DM_4_1419007530.072","cngr","correct",95
1,0.484134,2,2,3,0,NA,"020","DM_4_1419007530.072","cngr","correct",96
1,0.731662,3,3,3,0,NA,"003","DM_4_1419007530.072","cngr","correct",97
1,0.388893,3,3,3,0,NA,"003","DM_4_1419007530.072","cngr","correct",98
1,0.713249,3,3,2,1,NA,"131","DM_4_1419007530.072","intf","correct",99
1,0.592799,3,3,2,0,NA,"322","DM_4_1419007530.072","intf","correct",100
1,0.83676,2,2,2,0,NA,"112","DM_4_1419007530.072","intf","correct",101
1,0.712723,2,2,2,0,NA,"112","DM_4_1419007530.072","intf","correct",102
-1,Inf,0,2,2,0,NA,"233","DM_4_1419007530.072","intf","noresp",103
1,0.744269,2,2,2,0,NA,"112","DM_4_1419007530.072","intf","correct",104
1,0.621293,2,2,2,0,NA,"233","DM_4_1419007530.072","intf","correct",105
1,0.595306,2,2,1,1,0,"020","DM_4_1419007530.072","nbk","correct",106
1,0.538262,2,2,3,1,NA,"020","DM_4_1419007530.072","cngr","correct",107
1,0.514744,3,3,3,0,NA,"003","DM_4_1419007530.072","cngr","correct",108
1,0.395352,2,2,3,0,NA,"020","DM_4_1419007530.072","cngr","correct",109
1,0.488419,2,2,3,0,NA,"020","DM_4_1419007530.072","cngr","correct",110
1,0.519301,3,3,3,0,NA,"003","DM_4_1419007530.072","cngr","correct",111
1,0.429101,1,1,3,0,NA,"100","DM_4_1419007530.072","cngr","correct",112
1,0.358301,1,1,3,0,NA,"100","DM_4_1419007530.072","cngr","correct",113
1,0.642576,3,3,2,1,NA,"131","DM_4_1419007530.072","intf","correct",114
1,0.80003,1,1,2,0,NA,"313","DM_4_1419007530.072","intf","correct",115
1,0.820573,3,3,2,0,NA,"131","DM_4_1419007530.072","intf","correct",116
1,0.807204,1,1,2,0,NA,"313","DM_4_1419007530.072","intf","correct",117
1,0.801934,1,1,2,0,NA,"221","DM_4_1419007530.072","intf","correct",118
1,0.665853,3,3,2,0,NA,"322","DM_4_1419007530.072","intf","correct",119
1,0.627615,1,1,2,0,NA,"313","DM_4_1419007530.072","intf","correct",120
1,0.853332,3,3,2,0,NA,"131","SOPH_2_1419016957.553","intf","correct",1
-1,Inf,0,3,2,0,NA,"322","SOPH_2_1419016957.553","intf","noresp",2
-1,Inf,0,1,2,0,NA,"221","SOPH_2_1419016957.553","intf","noresp",3
-1,Inf,0,2,2,0,NA,"233","SOPH_2_1419016957.553","intf","noresp",4
1,0.741098,1,1,2,0,NA,"313","SOPH_2_1419016957.553","intf","correct",5
1,0.626925,1,1,2,0,NA,"221","SOPH_2_1419016957.553","intf","correct",6
1,0.772195,3,3,2,0,NA,"131","SOPH_2_1419016957.553","intf","correct",7
1,0.755292,2,2,2,0,NA,"112","SOPH_2_1419016957.553","intf","correct",8
1,0.609981,1,1,2,0,NA,"221","SOPH_2_1419016957.553","intf","correct",9
1,0.744014,1,1,2,0,NA,"313","SOPH_2_1419016957.553","intf","correct",10
1,0.613645,1,1,2,0,NA,"221","SOPH_2_1419016957.553","intf","correct",11
1,0.900966,3,3,2,0,NA,"322","SOPH_2_1419016957.553","intf","correct",12
1,0.814725,2,2,2,0,NA,"233","SOPH_2_1419016957.553","intf","correct",13
1,0.733707,2,2,2,0,NA,"233","SOPH_2_1419016957.553","intf","correct",14
1,0.742371,1,1,2,0,NA,"313","SOPH_2_1419016957.553","intf","correct",15
1,0.888565,3,3,2,0,NA,"322","SOPH_2_1419016957.553","intf","correct",16
-1,Inf,0,3,2,0,NA,"131","SOPH_2_1419016957.553","intf","noresp",17
1,0.668939,1,1,2,0,NA,"221","SOPH_2_1419016957.553","intf","correct",18
1,0.641605,1,1,2,0,NA,"221","SOPH_2_1419016957.553","intf","correct",19
1,0.807558,3,3,2,0,NA,"131","SOPH_2_1419016957.553","intf","correct",20
1,0.84447,3,3,2,0,NA,"322","SOPH_2_1419016957.553","intf","correct",21
1,0.588655,1,1,2,0,NA,"221","SOPH_2_1419016957.553","intf","correct",22
1,0.742157,3,3,2,0,NA,"131","SOPH_2_1419016957.553","intf","correct",23
1,0.803736,2,2,2,0,NA,"233","SOPH_2_1419016957.553","intf","correct",24
1,0.896935,1,1,2,0,NA,"313","SOPH_2_1419016957.553","intf","correct",25
1,0.713388,2,2,2,0,NA,"233","SOPH_2_1419016957.553","intf","correct",26
1,0.563109,3,3,2,0,NA,"322","SOPH_2_1419016957.553","intf","correct",27
1,0.903824,3,3,2,0,NA,"131","SOPH_2_1419016957.553","intf","correct",28
1,0.665719,1,1,2,0,NA,"221","SOPH_2_1419016957.553","intf","correct",29
0,0.653169,3,2,2,0,NA,"112","SOPH_2_1419016957.553","intf","wrong",30
1,0.837759,2,2,2,0,NA,"112","SOPH_2_1419016957.553","intf","correct",31
-1,Inf,0,2,2,0,NA,"233","SOPH_2_1419016957.553","intf","noresp",32
1,0.732147,3,3,2,0,NA,"131","SOPH_2_1419016957.553","intf","correct",33
1,0.828255,3,3,2,0,NA,"322","SOPH_2_1419016957.553","intf","correct",34
1,0.906299,1,1,2,0,NA,"221","SOPH_2_1419016957.553","intf","correct",35
1,0.899586,2,2,2,0,NA,"112","SOPH_2_1419016957.553","intf","correct",36
1,0.787469,2,2,2,0,NA,"233","SOPH_2_1419016957.553","intf","correct",37
-1,Inf,0,2,2,0,NA,"112","SOPH_2_1419016957.553","intf","noresp",38
1,0.67493,2,2,2,0,NA,"233","SOPH_2_1419016957.553","intf","correct",39
1,0.681338,1,1,2,0,NA,"313","SOPH_2_1419016957.553","intf","correct",40
-1,Inf,0,3,1,0,0,"003","SOPH_4_1419017285.448","nbk","noresp",1
-1,Inf,0,2,1,0,0,"020","SOPH_4_1419017285.448","nbk","noresp",2
-1,Inf,0,2,1,0,1,"XXX","SOPH_4_1419017285.448","nbk","noresp",3
-1,Inf,0,2,1,0,1,"XXX","SOPH_4_1419017285.448","nbk","noresp",4
-1,Inf,0,1,1,0,0,"100","SOPH_4_1419017285.448","nbk","noresp",5
1,0.812075,3,3,1,0,0,"003","SOPH_4_1419017285.448","nbk","correct",6
-1,Inf,0,3,1,0,1,"XXX","SOPH_4_1419017285.448","nbk","noresp",7
-1,Inf,0,3,1,0,1,"XXX","SOPH_4_1419017285.448","nbk","noresp",8
1,0.846979,1,1,3,1,NA,"100","SOPH_4_1419017285.448","cngr","correct",9
1,0.834169,1,1,3,0,NA,"100","SOPH_4_1419017285.448","cngr","correct",10
1,0.623505,1,1,3,0,NA,"100","SOPH_4_1419017285.448","cngr","correct",11
1,0.618439,3,3,3,0,NA,"003","SOPH_4_1419017285.448","cngr","correct",12
1,0.492594,1,1,3,0,NA,"100","SOPH_4_1419017285.448","cngr","correct",13
1,0.598337,3,3,3,0,NA,"003","SOPH_4_1419017285.448","cngr","correct",14
1,0.614166,2,2,3,0,NA,"020","SOPH_4_1419017285.448","cngr","correct",15
1,0.591381,2,2,3,0,NA,"020","SOPH_4_1419017285.448","cngr","correct",16
-1,Inf,0,3,2,1,NA,"322","SOPH_4_1419017285.448","intf","noresp",17
1,0.682019,3,3,1,1,0,"003","SOPH_4_1419017285.448","nbk","correct",18
1,0.832531,3,3,1,0,0,"003","SOPH_4_1419017285.448","nbk","correct",19
1,0.851199,2,2,1,0,0,"020","SOPH_4_1419017285.448","nbk","correct",20
-1,Inf,0,1,1,0,0,"100","SOPH_4_1419017285.448","nbk","noresp",21
1,0.829519,1,1,1,0,0,"100","SOPH_4_1419017285.448","nbk","correct",22
-1,Inf,0,1,2,1,NA,"313","SOPH_4_1419017285.448","intf","noresp",23
-1,Inf,0,3,2,0,NA,"131","SOPH_4_1419017285.448","intf","noresp",24
1,0.857433,1,1,2,0,NA,"221","SOPH_4_1419017285.448","intf","correct",25
0,0.719964,3,2,2,0,NA,"233","SOPH_4_1419017285.448","intf","wrong",26
1,0.96361,3,3,2,0,NA,"322","SOPH_4_1419017285.448","intf","correct",27
1,0.92076,3,3,2,0,NA,"131","SOPH_4_1419017285.448","intf","correct",28
-1,Inf,0,1,2,0,NA,"221","SOPH_4_1419017285.448","intf","noresp",29
1,0.785077,1,1,3,1,NA,"100","SOPH_4_1419017285.448","cngr","correct",30
1,0.631437,2,2,1,1,0,"020","SOPH_4_1419017285.448","nbk","correct",31
1,0.539531,2,2,1,0,0,"020","SOPH_4_1419017285.448","nbk","correct",32
1,0.666876,3,3,1,0,0,"003","SOPH_4_1419017285.448","nbk","correct",33
-1,Inf,0,2,1,0,1,"XXX","SOPH_4_1419017285.448","nbk","noresp",34
1,0.783714,1,1,1,0,0,"100","SOPH_4_1419017285.448","nbk","correct",35
1,0.808568,1,1,1,0,0,"100","SOPH_4_1419017285.448","nbk","correct",36
1,0.614014,2,2,1,0,0,"020","SOPH_4_1419017285.448","nbk","correct",37
1,0.644856,1,1,1,0,1,"XXX","SOPH_4_1419017285.448","nbk","correct",38
1,0.618981,3,3,3,1,NA,"003","SOPH_4_1419017285.448","cngr","correct",39
1,0.603092,2,2,3,0,NA,"020","SOPH_4_1419017285.448","cngr","correct",40
1,0.579579,1,1,3,0,NA,"100","SOPH_4_1419017285.448","cngr","correct",41
1,0.582802,2,2,3,0,NA,"020","SOPH_4_1419017285.448","cngr","correct",42
1,0.538795,1,1,3,0,NA,"100","SOPH_4_1419017285.448","cngr","correct",43
1,0.539316,2,2,3,0,NA,"020","SOPH_4_1419017285.448","cngr","correct",44
1,0.4967,2,2,3,0,NA,"020","SOPH_4_1419017285.448","cngr","correct",45
1,0.568042,3,3,3,0,NA,"003","SOPH_4_1419017285.448","cngr","correct",46
1,0.653808,1,1,3,0,NA,"100","SOPH_4_1419017285.448","cngr","correct",47
1,0.746647,3,3,2,1,NA,"131","SOPH_4_1419017285.448","intf","correct",48
1,0.722543,1,1,2,0,NA,"221","SOPH_4_1419017285.448","intf","correct",49
1,0.58433,2,2,1,1,0,"020","SOPH_4_1419017285.448","nbk","correct",50
1,0.500788,1,1,1,0,0,"100","SOPH_4_1419017285.448","nbk","correct",51
0,0.935094,2,1,1,0,1,"XXX","SOPH_4_1419017285.448","nbk","wrong",52
-1,Inf,0,1,1,0,1,"XXX","SOPH_4_1419017285.448","nbk","noresp",53
1,0.962173,1,1,1,0,0,"100","SOPH_4_1419017285.448","nbk","correct",54
-1,Inf,0,1,2,1,NA,"221","SOPH_4_1419017285.448","intf","noresp",55
0,0.784439,1,2,2,0,NA,"233","SOPH_4_1419017285.448","intf","wrong",56
0,0.807009,1,3,2,0,NA,"131","SOPH_4_1419017285.448","intf","wrong",57
1,0.843362,1,1,2,0,NA,"221","SOPH_4_1419017285.448","intf","correct",58
1,0.930919,2,2,2,0,NA,"233","SOPH_4_1419017285.448","intf","correct",59
1,0.834841,3,3,2,0,NA,"322","SOPH_4_1419017285.448","intf","correct",60
1,0.686672,2,2,1,1,0,"020","SOPH_4_1419017285.448","nbk","correct",61
1,0.652852,1,1,1,0,0,"100","SOPH_4_1419017285.448","nbk","correct",62
1,0.771921,2,2,1,0,0,"020","SOPH_4_1419017285.448","nbk","correct",63
1,0.632596,3,3,3,1,NA,"003","SOPH_4_1419017285.448","cngr","correct",64
1,0.594994,2,2,3,0,NA,"020","SOPH_4_1419017285.448","cngr","correct",65
1,0.593117,3,3,1,1,0,"003","SOPH_4_1419017285.448","nbk","correct",66
1,0.459033,1,1,1,0,0,"100","SOPH_4_1419017285.448","nbk","correct",67
1,0.463843,3,3,3,1,NA,"003","SOPH_4_1419017285.448","cngr","correct",68
1,0.499033,1,1,3,0,NA,"100","SOPH_4_1419017285.448","cngr","correct",69
1,0.544001,2,2,3,0,NA,"020","SOPH_4_1419017285.448","cngr","correct",70
1,0.534159,2,2,3,0,NA,"020","SOPH_4_1419017285.448","cngr","correct",71
1,0.540997,2,2,3,0,NA,"020","SOPH_4_1419017285.448","cngr","correct",72
1,0.465155,2,2,3,0,NA,"020","SOPH_4_1419017285.448","cngr","correct",73
1,0.562475,3,3,3,0,NA,"003","SOPH_4_1419017285.448","cngr","correct",74
1,0.584171,1,1,3,0,NA,"100","SOPH_4_1419017285.448","cngr","correct",75
1,0.832026,2,2,2,1,NA,"112","SOPH_4_1419017285.448","intf","correct",76
1,0.798612,3,3,2,0,NA,"131","SOPH_4_1419017285.448","intf","correct",77
1,0.661062,2,2,2,0,NA,"112","SOPH_4_1419017285.448","intf","correct",78
-1,Inf,0,2,2,0,NA,"233","SOPH_4_1419017285.448","intf","noresp",79
-1,Inf,0,2,2,0,NA,"233","SOPH_4_1419017285.448","intf","noresp",80
-1,Inf,0,3,2,0,NA,"131","SOPH_4_1419017285.448","intf","noresp",81
1,0.817452,1,1,2,0,NA,"313","SOPH_4_1419017285.448","intf","correct",82
1,0.777962,2,2,2,0,NA,"112","SOPH_4_1419017285.448","intf","correct",83
-1,Inf,0,2,2,0,NA,"112","SOPH_4_1419017285.448","intf","noresp",84
1,0.850298,3,3,2,0,NA,"322","SOPH_4_1419017285.448","intf","correct",85
1,0.895494,1,1,2,0,NA,"313","SOPH_4_1419017285.448","intf","correct",86
-1,Inf,0,1,2,0,NA,"313","SOPH_4_1419017285.448","intf","noresp",87
1,0.682184,2,2,1,1,0,"020","SOPH_4_1419017285.448","nbk","correct",88
1,0.86529,1,1,2,1,NA,"221","SOPH_4_1419017285.448","intf","correct",89
1,0.773072,1,1,2,0,NA,"221","SOPH_4_1419017285.448","intf","correct",90
1,0.794864,2,2,2,0,NA,"233","SOPH_4_1419017285.448","intf","correct",91
1,0.731721,3,3,2,0,NA,"131","SOPH_4_1419017285.448","intf","correct",92
1,0.863278,2,2,2,0,NA,"233","SOPH_4_1419017285.448","intf","correct",93
1,0.68641,1,1,3,1,NA,"100","SOPH_4_1419017285.448","cngr","correct",94
1,0.478251,3,3,3,0,NA,"003","SOPH_4_1419017285.448","cngr","correct",95
1,0.446691,1,1,3,0,NA,"100","SOPH_4_1419017285.448","cngr","correct",96
1,0.50672,3,3,3,0,NA,"003","SOPH_4_1419017285.448","cngr","correct",97
1,0.438138,3,3,3,0,NA,"003","SOPH_4_1419017285.448","cngr","correct",98
1,0.429794,3,3,3,0,NA,"003","SOPH_4_1419017285.448","cngr","correct",99
1,0.699095,1,1,2,1,NA,"313","SOPH_4_1419017285.448","intf","correct",100
1,0.716304,1,1,2,0,NA,"221","SOPH_4_1419017285.448","intf","correct",101
1,0.627113,2,2,3,1,NA,"020","SOPH_4_1419017285.448","cngr","correct",102
1,0.511462,2,2,3,0,NA,"020","SOPH_4_1419017285.448","cngr","correct",103
1,0.413501,1,1,3,0,NA,"100","SOPH_4_1419017285.448","cngr","correct",104
1,0.470918,3,3,3,0,NA,"003","SOPH_4_1419017285.448","cngr","correct",105
1,0.459222,3,3,3,0,NA,"003","SOPH_4_1419017285.448","cngr","correct",106
1,0.451468,1,1,1,1,0,"100","SOPH_4_1419017285.448","nbk","correct",107
1,0.437378,3,3,1,0,0,"003","SOPH_4_1419017285.448","nbk","correct",108
1,0.73889,1,1,1,0,1,"XXX","SOPH_4_1419017285.448","nbk","correct",109
1,0.538013,2,2,1,0,0,"020","SOPH_4_1419017285.448","nbk","correct",110
1,0.525213,3,3,1,0,0,"003","SOPH_4_1419017285.448","nbk","correct",111
1,0.599264,3,3,1,0,0,"003","SOPH_4_1419017285.448","nbk","correct",112
1,0.369313,3,3,1,0,1,"XXX","SOPH_4_1419017285.448","nbk","correct",113
1,0.473783,3,3,1,0,0,"003","SOPH_4_1419017285.448","nbk","correct",114
0,0.82457,1,2,2,1,NA,"233","SOPH_4_1419017285.448","intf","wrong",115
0,0.941329,2,3,2,0,NA,"131","SOPH_4_1419017285.448","intf","wrong",116
1,0.619191,1,1,2,0,NA,"221","SOPH_4_1419017285.448","intf","correct",117
1,0.697844,3,3,2,0,NA,"322","SOPH_4_1419017285.448","intf","correct",118
1,0.801133,2,2,2,0,NA,"112","SOPH_4_1419017285.448","intf","correct",119
1,0.66287,1,1,3,1,NA,"100","SOPH_4_1419017285.448","cngr","correct",120
